[
  {
    "APP_OCCUPATION": "Agriculturist/Farmer",
    "APP_DESIGNATION": "Owner",
    "DESIGNATION_CODE": "D19",
    "MPDOC_CODE": "",
    "MPPROOF_CODE": "",
    "FORMID": "",
    "APP_PROMPT": "",
    "VERSION_NO": "4",
    "ISACTIVE": "Y",
    "TERM_FLAG": "N",
    "APP_OCCUPATION_NBFE_CODE": "8"
  },
  {
    "APP_OCCUPATION": "Agriculturist/Farmer",
    "APP_DESIGNATION": "Contract Farmer",
    "DESIGNATION_CODE": "D20",
    "MPDOC_CODE": "",
    "MPPROOF_CODE": "",
    "FORMID": "",
    "APP_PROMPT": "",
    "VERSION_NO": "4",
    "ISACTIVE": "Y",
    "TERM_FLAG": "N",
    "APP_OCCUPATION_NBFE_CODE": "8"
  },
  {
    "APP_OCCUPATION": "Agriculturist/Farmer",
    "APP_DESIGNATION": "Labourer",
    "DESIGNATION_CODE": "D21",
    "MPDOC_CODE": "",
    "MPPROOF_CODE": "",
    "FORMID": "",
    "APP_PROMPT": "",
    "VERSION_NO": "4",
    "ISACTIVE": "Y",
    "TERM_FLAG": "N",
    "APP_OCCUPATION_NBFE_CODE": "8"
  },
  {
    "APP_OCCUPATION": "Business Owner",
    "APP_DESIGNATION": "Proprietor/Owner",
    "DESIGNATION_CODE": "D09",
    "MPDOC_CODE": "",
    "MPPROOF_CODE": "",
    "FORMID": "",
    "APP_PROMPT": "",
    "VERSION_NO": "4",
    "ISACTIVE": "Y",
    "TERM_FLAG": "N",
    "APP_OCCUPATION_NBFE_CODE": "3"
  },
  {
    "APP_OCCUPATION": "Business Owner",
    "APP_DESIGNATION": "Partner",
    "DESIGNATION_CODE": "D10",
    "MPDOC_CODE": "",
    "MPPROOF_CODE": "",
    "FORMID": "",
    "APP_PROMPT": "",
    "VERSION_NO": "4",
    "ISACTIVE": "Y",
    "TERM_FLAG": "N",
    "APP_OCCUPATION_NBFE_CODE": "3"
  },
  {
    "APP_OCCUPATION": "Business Owner",
    "APP_DESIGNATION": "Consultant",
    "DESIGNATION_CODE": "D11",
    "MPDOC_CODE": "",
    "MPPROOF_CODE": "",
    "FORMID": "",
    "APP_PROMPT": "",
    "VERSION_NO": "4",
    "ISACTIVE": "Y",
    "TERM_FLAG": "N",
    "APP_OCCUPATION_NBFE_CODE": "3"
  },
  {
    "APP_OCCUPATION": "Business Owner",
    "APP_DESIGNATION": "Freelancer",
    "DESIGNATION_CODE": "D12",
    "MPDOC_CODE": "",
    "MPPROOF_CODE": "",
    "FORMID": "",
    "APP_PROMPT": "",
    "VERSION_NO": "4",
    "ISACTIVE": "Y",
    "TERM_FLAG": "N",
    "APP_OCCUPATION_NBFE_CODE": "3"
  },
  {
    "APP_OCCUPATION": "Salaried",
    "APP_DESIGNATION": "Director",
    "DESIGNATION_CODE": "D01",
    "MPDOC_CODE": "",
    "MPPROOF_CODE": "",
    "FORMID": "",
    "APP_PROMPT": "",
    "VERSION_NO": "4",
    "ISACTIVE": "Y",
    "TERM_FLAG": "N",
    "APP_OCCUPATION_NBFE_CODE": "1"
  },
  {
    "APP_OCCUPATION": "Salaried",
    "APP_DESIGNATION": "Managing Director/CEO",
    "DESIGNATION_CODE": "D02",
    "MPDOC_CODE": "",
    "MPPROOF_CODE": "",
    "FORMID": "",
    "APP_PROMPT": "",
    "VERSION_NO": "4",
    "ISACTIVE": "Y",
    "TERM_FLAG": "N",
    "APP_OCCUPATION_NBFE_CODE": "1"
  },
  {
    "APP_OCCUPATION": "Salaried",
    "APP_DESIGNATION": "Executive-Top Management/CXO",
    "DESIGNATION_CODE": "D03",
    "MPDOC_CODE": "",
    "MPPROOF_CODE": "",
    "FORMID": "",
    "APP_PROMPT": "",
    "VERSION_NO": "4",
    "ISACTIVE": "Y",
    "TERM_FLAG": "N",
    "APP_OCCUPATION_NBFE_CODE": "1"
  },
  {
    "APP_OCCUPATION": "Salaried",
    "APP_DESIGNATION": "Executive-Middle Management",
    "DESIGNATION_CODE": "D04",
    "MPDOC_CODE": "",
    "MPPROOF_CODE": "",
    "FORMID": "",
    "APP_PROMPT": "",
    "VERSION_NO": "4",
    "ISACTIVE": "Y",
    "TERM_FLAG": "N",
    "APP_OCCUPATION_NBFE_CODE": "1"
  },
  {
    "APP_OCCUPATION": "Salaried",
    "APP_DESIGNATION": "Executive/Clerk",
    "DESIGNATION_CODE": "D05",
    "MPDOC_CODE": "",
    "MPPROOF_CODE": "",
    "FORMID": "",
    "APP_PROMPT": "",
    "VERSION_NO": "4",
    "ISACTIVE": "Y",
    "TERM_FLAG": "N",
    "APP_OCCUPATION_NBFE_CODE": "1"
  },
  {
    "APP_OCCUPATION": "Salaried",
    "APP_DESIGNATION": "Peon/Support Staff",
    "DESIGNATION_CODE": "D06",
    "MPDOC_CODE": "",
    "MPPROOF_CODE": "",
    "FORMID": "",
    "APP_PROMPT": "",
    "VERSION_NO": "4",
    "ISACTIVE": "Y",
    "TERM_FLAG": "N",
    "APP_OCCUPATION_NBFE_CODE": "1"
  },
  {
    "APP_OCCUPATION": "Salaried",
    "APP_DESIGNATION": "Worker",
    "DESIGNATION_CODE": "D07",
    "MPDOC_CODE": "",
    "MPPROOF_CODE": "",
    "FORMID": "",
    "APP_PROMPT": "",
    "VERSION_NO": "4",
    "ISACTIVE": "Y",
    "TERM_FLAG": "N",
    "APP_OCCUPATION_NBFE_CODE": "1"
  },
  {
    "APP_OCCUPATION": "Salaried",
    "APP_DESIGNATION": "Others",
    "DESIGNATION_CODE": "D08",
    "MPDOC_CODE": "",
    "MPPROOF_CODE": "",
    "FORMID": "",
    "APP_PROMPT": "",
    "VERSION_NO": "4",
    "ISACTIVE": "Y",
    "TERM_FLAG": "N",
    "APP_OCCUPATION_NBFE_CODE": "1"
  },
  {
    "APP_OCCUPATION": "Self Employed",
    "APP_DESIGNATION": "Proprietor/Owner",
    "DESIGNATION_CODE": "D09",
    "MPDOC_CODE": "",
    "MPPROOF_CODE": "",
    "FORMID": "",
    "APP_PROMPT": "",
    "VERSION_NO": "4",
    "ISACTIVE": "Y",
    "TERM_FLAG": "N",
    "APP_OCCUPATION_NBFE_CODE": "2"
  },
  {
    "APP_OCCUPATION": "Self Employed",
    "APP_DESIGNATION": "Partner",
    "DESIGNATION_CODE": "D10",
    "MPDOC_CODE": "",
    "MPPROOF_CODE": "",
    "FORMID": "",
    "APP_PROMPT": "",
    "VERSION_NO": "4",
    "ISACTIVE": "Y",
    "TERM_FLAG": "N",
    "APP_OCCUPATION_NBFE_CODE": "2"
  },
  {
    "APP_OCCUPATION": "Self Employed",
    "APP_DESIGNATION": "Consultant",
    "DESIGNATION_CODE": "D11",
    "MPDOC_CODE": "",
    "MPPROOF_CODE": "",
    "FORMID": "",
    "APP_PROMPT": "",
    "VERSION_NO": "4",
    "ISACTIVE": "Y",
    "TERM_FLAG": "N",
    "APP_OCCUPATION_NBFE_CODE": "2"
  },
  {
    "APP_OCCUPATION": "Self Employed",
    "APP_DESIGNATION": "Freelancer",
    "DESIGNATION_CODE": "D12",
    "MPDOC_CODE": "",
    "MPPROOF_CODE": "",
    "FORMID": "",
    "APP_PROMPT": "",
    "VERSION_NO": "4",
    "ISACTIVE": "Y",
    "TERM_FLAG": "N",
    "APP_OCCUPATION_NBFE_CODE": "2"
  },
  {
    "APP_OCCUPATION": "Student/Juvenile",
    "APP_DESIGNATION": "School Student",
    "DESIGNATION_CODE": "D13",
    "MPDOC_CODE": "",
    "MPPROOF_CODE": "",
    "FORMID": "",
    "APP_PROMPT": "",
    "VERSION_NO": "4",
    "ISACTIVE": "Y",
    "TERM_FLAG": "N",
    "APP_OCCUPATION_NBFE_CODE": "6"
  },
  {
    "APP_OCCUPATION": "Student/Juvenile",
    "APP_DESIGNATION": "College Student",
    "DESIGNATION_CODE": "D14",
    "MPDOC_CODE": "",
    "MPPROOF_CODE": "",
    "FORMID": "",
    "APP_PROMPT": "",
    "VERSION_NO": "4",
    "ISACTIVE": "Y",
    "TERM_FLAG": "N",
    "APP_OCCUPATION_NBFE_CODE": "6"
  },
  {
    "APP_OCCUPATION": "Student/Juvenile",
    "APP_DESIGNATION": "Post Graduate Student",
    "DESIGNATION_CODE": "D15",
    "MPDOC_CODE": "",
    "MPPROOF_CODE": "",
    "FORMID": "",
    "APP_PROMPT": "",
    "VERSION_NO": "4",
    "ISACTIVE": "Y",
    "TERM_FLAG": "N",
    "APP_OCCUPATION_NBFE_CODE": "6"
  },
  {
    "APP_OCCUPATION": "Housewife",
    "APP_DESIGNATION": "Homemaker",
    "DESIGNATION_CODE": "D16",
    "MPDOC_CODE": "",
    "MPPROOF_CODE": "",
    "FORMID": "",
    "APP_PROMPT": "",
    "VERSION_NO": "4",
    "ISACTIVE": "Y",
    "TERM_FLAG": "N",
    "APP_OCCUPATION_NBFE_CODE": "4"
  },
  {
    "APP_OCCUPATION": "Retired",
    "APP_DESIGNATION": "Retired",
    "DESIGNATION_CODE": "D17",
    "MPDOC_CODE": "",
    "MPPROOF_CODE": "",
    "FORMID": "",
    "APP_PROMPT": "",
    "VERSION_NO": "4",
    "ISACTIVE": "Y",
    "TERM_FLAG": "N",
    "APP_OCCUPATION_NBFE_CODE": "5"
  },
  {
    "APP_OCCUPATION": "Others",
    "APP_DESIGNATION": "Others",
    "DESIGNATION_CODE": "D18",
    "MPDOC_CODE": "",
    "MPPROOF_CODE": "",
    "FORMID": "",
    "APP_PROMPT": "",
    "VERSION_NO": "4",
    "ISACTIVE": "Y",
    "TERM_FLAG": "N",
    "APP_OCCUPATION_NBFE_CODE": "7"
  }
]