{"result": [
      {
      "lob": "Life",
      "productType": "MI",
      "key": "ageFilter",
      "displayLabel": "At approximately what age do you want the payment?",
      "dataType": "Boolean",
      "displayText": "[{\"1\":\"40 Years\"},{\"2\":\"45 Years\"},{\"3\":\"50 Years\"},{\"4\":\"55 Years\"},{\"5\":\"60 Years\"},{\"6\":\"65 Years\"},{\"7\":\"70 Years\"},{\"0\":\"Any\"}]"
   },
      {
      "lob": "Life",
      "productType": "MI",
      "key": "garFilter",
      "displayLabel": "Payout Type",
      "dataType": "Boolean",
      "displayText": "[{\"Y\":\"Guaranteed 100%\"},{\"N\":\"Non-Guaranteed\"},{\"B\":\"Both\"}]"
   },
      {
      "lob": "Life",
      "productType": "MI",
      "key": "growthFilter",
      "displayLabel": "Growth Assumptions",
      "dataType": "Boolean",
      "displayText": "[{\"4\":\"4% p.a\"},{\"8\":\"8% p.a\"}]"
   },
      {
      "lob": "Life",
      "productType": "MI",
      "key": "payoutPeriodFilter",
      "displayLabel": "How Long to do Want the income for?",
      "dataType": "Boolean",
      "displayText": "[{\"1\":\"15 Years or less\"},{\"2\":\"15-20 Years\"},{\"3\":\"More than 25 Years\"},{\"0\":\"Any\"}]"
   }
]}