{
  "result": [
    {
      "projections": [
        {
          "payin": "100000",
          "year": 0,
          "age": "30",
          "preminyear": "100000",
          "cummulativepayin": "100000",
          "gapayout": "0",
          "ngapayout4": "0",
          "ngapayout8": "0",
          "totalpayout4": "0",
          "totalpayout8": "0"
        },
        {
          "payin": "100000",
          "year": 1,
          "age": "31",
          "preminyear": "100000",
          "cummulativepayin": "200000",
          "gapayout": "0",
          "ngapayout4": "0",
          "ngapayout8": "0",
          "totalpayout4": "0",
          "totalpayout8": "0"
        },
        {
          "payin": "100000",
          "year": 2,
          "age": "32",
          "preminyear": "100000",
          "cummulativepayin": "300000",
          "gapayout": "0",
          "ngapayout4": "0",
          "ngapayout8": "0",
          "totalpayout4": "0",
          "totalpayout8": "0"
        },
        {
          "payin": "100000",
          "year": 3,
          "age": "33",
          "preminyear": "100000",
          "cummulativepayin": "400000",
          "gapayout": "0",
          "ngapayout4": "0",
          "ngapayout8": "0",
          "totalpayout4": "0",
          "totalpayout8": "0"
        },
        {
          "payin": "100000",
          "year": 4,
          "age": "34",
          "preminyear": "100000",
          "cummulativepayin": "500000",
          "gapayout": "0",
          "ngapayout4": "0",
          "ngapayout8": "0",
          "totalpayout4": "0",
          "totalpayout8": "0"
        },
        {
          "year": 5,
          "age": "35",
          "preminyear": "100000",
          "cummulativepayin": "500000",
          "gapayout": "0",
          "ngapayout4": "0",
          "ngapayout8": "0",
          "totalpayout4": "0",
          "totalpayout8": "0"
        },
        {
          "year": 6,
          "age": "36",
          "preminyear": "100000",
          "cummulativepayin": "500000",
          "gapayout": "0",
          "ngapayout4": "0",
          "ngapayout8": "0",
          "totalpayout4": "0",
          "totalpayout8": "0"
        },
        {
          "year": 7,
          "age": "37",
          "preminyear": "100000",
          "cummulativepayin": "500000",
          "gapayout": "0",
          "ngapayout4": "0",
          "ngapayout8": "0",
          "totalpayout4": "0",
          "totalpayout8": "0"
        },
        {
          "year": 8,
          "age": "38",
          "preminyear": "100000",
          "cummulativepayin": "500000",
          "gapayout": "0",
          "ngapayout4": "0",
          "ngapayout8": "0",
          "totalpayout4": "0",
          "totalpayout8": "0"
        },
        {
          "year": 9,
          "age": "39",
          "preminyear": "100000",
          "cummulativepayin": "500000",
          "gapayout": "0",
          "ngapayout4": "0",
          "ngapayout8": "0",
          "totalpayout4": "0",
          "totalpayout8": "0"
        },
        {
          "year": 10,
          "age": "40",
          "preminyear": "100000",
          "cummulativepayin": "500000",
          "gapayout": "0",
          "ngapayout4": "0",
          "ngapayout8": "0",
          "totalpayout4": "0",
          "totalpayout8": "0"
        },
        {
          "year": 11,
          "age": "41",
          "preminyear": "100000",
          "cummulativepayin": "500000",
          "gapayout": "0",
          "ngapayout4": "0",
          "ngapayout8": "0",
          "totalpayout4": "0",
          "totalpayout8": "0"
        },
        {
          "year": 12,
          "age": "42",
          "preminyear": "100000",
          "cummulativepayin": "500000",
          "gapayout": "331000",
          "ngapayout4": "0",
          "ngapayout8": "0",
          "totalpayout4": "331000",
          "totalpayout8": "331000"
        }
      ],
      "minimumdeathbenefit": 1100000,
      "total_ap": "500000",
      "total_ga": "331000",
      "total_ben4": "331000",
      "total_ben8": "331000",
      "ga_ratio4": "100",
      "ga_ratio8": "100",
      "irr4": 0.04656757360397102,
      "irr8": 0.04656757360397102,
      "benpremratio4": "-107",
      "benpremratio8": "-107",
      "dob": "1987-05-06",
      "rating": "NS",
      "productId": "110N131V01",
      "insurerId": "110",
      "lob": "Life",
      "productType": "MI",
      "productName": "Tata AIA Life Insurance Gold Income Plan",
      "effectiveDate": "2009-01-01",
      "endDate": "9999-12-31",
      "brochureLink": "http://www.tataaia.com/pdf/savings-solutions/Tata_AIA_Life_Insurance_Gold_Income_Paln_Brochure.pdf",
      "onlineLinkType": "GET",
      "insurerName": "TATA AIA life",
      "covers": [
        {
          "insuredObject": "Person",
          "coverId": "ADD",
          "coverType": "A",
          "seperateSi": "Y",
          "coverName": "Accidental Death and Disability",
          "coverLimits": [
            
          ]
        },
        {
          "insuredObject": "Person",
          "coverId": "MORT",
          "coverType": "S",
          "seperateSi": "N",
          "coverName": "Death Benefit",
          "coverLimits": [
            
          ]
        },
        {
          "insuredObject": "Person",
          "coverId": "WOP",
          "coverType": "A",
          "seperateSi": "N",
          "coverName": "Waiver of Premium",
          "coverLimits": [
            
          ]
        }
      ],
      "attributes": [
        {
          "Min_Entry_Age": "3 Year(s)"
        },
        {
          "Max_Entry_Age": "65 Years"
        },
        {
          "KYP": "<ul><li>Pay for 5/12 years for policy term of 12/15 years</li><li> Choose your Guaranteed Income for 10 or 15 years</li><li>Get Guaranteed Maturity Benefit at the end of policy term</li><li>Receive Guaranteed Income starting @ 12% of the Basic Sum Assured</li><li>Enjoy increasing income with Income Boosters of 5% to 10% on Guaranteed Income</li><li>Get higher Guaranteed Income with higher annual premium payment</li><li>Enhance your protection with optional Riders</li></ul>"
        }
      ],
      "online": true
    },
    {
      "projections": [
        {
          "payin": "100000",
          "year": 0,
          "age": "30",
          "preminyear": "100000",
          "cummulativepayin": "100000",
          "gapayout": "0",
          "ngapayout4": "0",
          "ngapayout8": "0",
          "totalpayout4": "0",
          "totalpayout8": "0"
        },
        {
          "payin": "100000",
          "year": 1,
          "age": "31",
          "preminyear": "100000",
          "cummulativepayin": "200000",
          "gapayout": "0",
          "ngapayout4": "0",
          "ngapayout8": "0",
          "totalpayout4": "0",
          "totalpayout8": "0"
        },
        {
          "payin": "100000",
          "year": 2,
          "age": "32",
          "preminyear": "100000",
          "cummulativepayin": "300000",
          "gapayout": "0",
          "ngapayout4": "0",
          "ngapayout8": "0",
          "totalpayout4": "0",
          "totalpayout8": "0"
        },
        {
          "payin": "100000",
          "year": 3,
          "age": "33",
          "preminyear": "100000",
          "cummulativepayin": "400000",
          "gapayout": "0",
          "ngapayout4": "0",
          "ngapayout8": "0",
          "totalpayout4": "0",
          "totalpayout8": "0"
        },
        {
          "payin": "100000",
          "year": 4,
          "age": "34",
          "preminyear": "100000",
          "cummulativepayin": "500000",
          "gapayout": "0",
          "ngapayout4": "0",
          "ngapayout8": "0",
          "totalpayout4": "0",
          "totalpayout8": "0"
        },
        {
          "year": 5,
          "age": "35",
          "preminyear": "100000",
          "cummulativepayin": "500000",
          "gapayout": "0",
          "ngapayout4": "0",
          "ngapayout8": "0",
          "totalpayout4": "0",
          "totalpayout8": "0"
        },
        {
          "year": 6,
          "age": "36",
          "preminyear": "100000",
          "cummulativepayin": "500000",
          "gapayout": "0",
          "ngapayout4": "0",
          "ngapayout8": "0",
          "totalpayout4": "0",
          "totalpayout8": "0"
        },
        {
          "year": 7,
          "age": "37",
          "preminyear": "100000",
          "cummulativepayin": "500000",
          "gapayout": "0",
          "ngapayout4": "0",
          "ngapayout8": "0",
          "totalpayout4": "0",
          "totalpayout8": "0"
        },
        {
          "year": 8,
          "age": "38",
          "preminyear": "100000",
          "cummulativepayin": "500000",
          "gapayout": "0",
          "ngapayout4": "0",
          "ngapayout8": "0",
          "totalpayout4": "0",
          "totalpayout8": "0"
        },
        {
          "year": 9,
          "age": "39",
          "preminyear": "100000",
          "cummulativepayin": "500000",
          "gapayout": "0",
          "ngapayout4": "0",
          "ngapayout8": "0",
          "totalpayout4": "0",
          "totalpayout8": "0"
        },
        {
          "year": 10,
          "age": "40",
          "preminyear": "100000",
          "cummulativepayin": "500000",
          "gapayout": "0",
          "ngapayout4": "0",
          "ngapayout8": "0",
          "totalpayout4": "0",
          "totalpayout8": "0"
        },
        {
          "year": 11,
          "age": "41",
          "preminyear": "100000",
          "cummulativepayin": "500000",
          "gapayout": "0",
          "ngapayout4": "0",
          "ngapayout8": "0",
          "totalpayout4": "0",
          "totalpayout8": "0"
        },
        {
          "year": 12,
          "age": "42",
          "preminyear": "100000",
          "cummulativepayin": "500000",
          "gapayout": "264000",
          "ngapayout4": "0",
          "ngapayout8": "0",
          "totalpayout4": "264000",
          "totalpayout8": "264000"
        }
      ],
      "minimumdeathbenefit": 1100000,
      "total_ap": "500000",
      "total_ga": "264000",
      "total_ben4": "264000",
      "total_ben8": "264000",
      "ga_ratio4": "100",
      "ga_ratio8": "100",
      "irr4": 0.04713599970746231,
      "irr8": 0.04713599970746231,
      "benpremratio4": "-149",
      "benpremratio8": "-149",
      "dob": "1987-05-06",
      "rating": "NS",
      "productId": "110N131V01",
      "insurerId": "110",
      "lob": "Life",
      "productType": "MI",
      "productName": "Tata AIA Life Insurance Gold Income Plan",
      "effectiveDate": "2009-01-01",
      "endDate": "9999-12-31",
      "brochureLink": "http://www.tataaia.com/pdf/savings-solutions/Tata_AIA_Life_Insurance_Gold_Income_Paln_Brochure.pdf",
      "onlineLinkType": "GET",
      "insurerName": "TATA AIA life",
      "covers": [
        {
          "insuredObject": "Person",
          "coverId": "ADD",
          "coverType": "A",
          "seperateSi": "Y",
          "coverName": "Accidental Death and Disability",
          "coverLimits": [
            
          ]
        },
        {
          "insuredObject": "Person",
          "coverId": "MORT",
          "coverType": "S",
          "seperateSi": "N",
          "coverName": "Death Benefit",
          "coverLimits": [
            
          ]
        },
        {
          "insuredObject": "Person",
          "coverId": "WOP",
          "coverType": "A",
          "seperateSi": "N",
          "coverName": "Waiver of Premium",
          "coverLimits": [
            
          ]
        }
      ],
      "attributes": [
        {
          "Min_Entry_Age": "3 Year(s)"
        },
        {
          "Max_Entry_Age": "65 Years"
        },
        {
          "KYP": "<ul><li>Pay for 5/12 years for policy term of 12/15 years</li><li>  your Guaranteed Income for 10 or 15 years</li><li>Get Guaranteed Maturity Benefit at the end of policy term</li><li>Receive Guaranteed Income starting @ 12% of the Basic Sum Assured</li><li>Enjoy increasing income with Income Boosters of 5% to 10% on Guaranteed Income</li><li>Get higher Guaranteed Income with higher annual premium payment</li><li>Enhance your protection with optional Riders</li></ul>"
        }
      ],
      "online": true
    },
    {
      "projections": [
        {
          "payin": "100000",
          "year": 0,
          "age": "30",
          "preminyear": "100000",
          "cummulativepayin": "100000",
          "gapayout": "0",
          "ngapayout4": "0",
          "ngapayout8": "0",
          "totalpayout4": "0",
          "totalpayout8": "0"
        },
        {
          "payin": "100000",
          "year": 1,
          "age": "31",
          "preminyear": "100000",
          "cummulativepayin": "200000",
          "gapayout": "0",
          "ngapayout4": "0",
          "ngapayout8": "0",
          "totalpayout4": "0",
          "totalpayout8": "0"
        },
        {
          "payin": "100000",
          "year": 2,
          "age": "32",
          "preminyear": "100000",
          "cummulativepayin": "300000",
          "gapayout": "0",
          "ngapayout4": "0",
          "ngapayout8": "0",
          "totalpayout4": "0",
          "totalpayout8": "0"
        },
        {
          "payin": "100000",
          "year": 3,
          "age": "33",
          "preminyear": "100000",
          "cummulativepayin": "400000",
          "gapayout": "0",
          "ngapayout4": "0",
          "ngapayout8": "0",
          "totalpayout4": "0",
          "totalpayout8": "0"
        },
        {
          "payin": "100000",
          "year": 4,
          "age": "34",
          "preminyear": "100000",
          "cummulativepayin": "500000",
          "gapayout": "0",
          "ngapayout4": "0",
          "ngapayout8": "0",
          "totalpayout4": "0",
          "totalpayout8": "0"
        },
        {
          "payin": "100000",
          "year": 5,
          "age": "35",
          "preminyear": "100000",
          "cummulativepayin": "600000",
          "gapayout": "0",
          "ngapayout4": "0",
          "ngapayout8": "0",
          "totalpayout4": "0",
          "totalpayout8": "0"
        },
        {
          "payin": "100000",
          "year": 6,
          "age": "36",
          "preminyear": "100000",
          "cummulativepayin": "700000",
          "gapayout": "0",
          "ngapayout4": "0",
          "ngapayout8": "0",
          "totalpayout4": "0",
          "totalpayout8": "0"
        },
        {
          "payin": "100000",
          "year": 7,
          "age": "37",
          "preminyear": "100000",
          "cummulativepayin": "800000",
          "gapayout": "0",
          "ngapayout4": "0",
          "ngapayout8": "0",
          "totalpayout4": "0",
          "totalpayout8": "0"
        },
        {
          "payin": "100000",
          "year": 8,
          "age": "38",
          "preminyear": "100000",
          "cummulativepayin": "900000",
          "gapayout": "0",
          "ngapayout4": "0",
          "ngapayout8": "0",
          "totalpayout4": "0",
          "totalpayout8": "0"
        },
        {
          "payin": "100000",
          "year": 9,
          "age": "39",
          "preminyear": "100000",
          "cummulativepayin": "1000000",
          "gapayout": "0",
          "ngapayout4": "0",
          "ngapayout8": "0",
          "totalpayout4": "0",
          "totalpayout8": "0"
        },
        {
          "payin": "100000",
          "year": 10,
          "age": "40",
          "preminyear": "100000",
          "cummulativepayin": "1100000",
          "gapayout": "0",
          "ngapayout4": "0",
          "ngapayout8": "0",
          "totalpayout4": "0",
          "totalpayout8": "0"
        },
        {
          "payin": "100000",
          "year": 11,
          "age": "41",
          "preminyear": "100000",
          "cummulativepayin": "1200000",
          "gapayout": "0",
          "ngapayout4": "0",
          "ngapayout8": "0",
          "totalpayout4": "0",
          "totalpayout8": "0"
        },
        {
          "year": 12,
          "age": "42",
          "preminyear": "100000",
          "cummulativepayin": "1200000",
          "gapayout": "0",
          "ngapayout4": "0",
          "ngapayout8": "0",
          "totalpayout4": "0",
          "totalpayout8": "0"
        },
        {
          "year": 13,
          "age": "43",
          "preminyear": "100000",
          "cummulativepayin": "1200000",
          "gapayout": "0",
          "ngapayout4": "0",
          "ngapayout8": "0",
          "totalpayout4": "0",
          "totalpayout8": "0"
        },
        {
          "year": 14,
          "age": "44",
          "preminyear": "100000",
          "cummulativepayin": "1200000",
          "gapayout": "0",
          "ngapayout4": "0",
          "ngapayout8": "0",
          "totalpayout4": "0",
          "totalpayout8": "0"
        },
        {
          "year": 15,
          "age": "45",
          "preminyear": "100000",
          "cummulativepayin": "1200000",
          "gapayout": "848000",
          "ngapayout4": "0",
          "ngapayout8": "0",
          "totalpayout4": "848000",
          "totalpayout8": "848000"
        }
      ],
      "minimumdeathbenefit": 1260000,
      "total_ap": "1200000",
      "total_ga": "848000",
      "total_ben4": "848000",
      "total_ben8": "848000",
      "ga_ratio4": "100",
      "ga_ratio8": "100",
      "irr4": 0.04971804597749377,
      "irr8": 0.04971804597749377,
      "benpremratio4": "-178",
      "benpremratio8": "-178",
      "dob": "1987-05-06",
      "rating": "NS",
      "productId": "110N131V01",
      "insurerId": "110",
      "lob": "Life",
      "productType": "MI",
      "productName": "Tata AIA Life Insurance Gold Income Plan",
      "effectiveDate": "2009-01-01",
      "endDate": "9999-12-31",
      "brochureLink": "http://www.tataaia.com/pdf/savings-solutions/Tata_AIA_Life_Insurance_Gold_Income_Paln_Brochure.pdf",
      "onlineLinkType": "GET",
      "insurerName": "TATA AIA life",
      "covers": [
        {
          "insuredObject": "Person",
          "coverId": "ADD",
          "coverType": "A",
          "seperateSi": "Y",
          "coverName": "Accidental Death and Disability",
          "coverLimits": [
            
          ]
        },
        {
          "insuredObject": "Person",
          "coverId": "MORT",
          "coverType": "S",
          "seperateSi": "N",
          "coverName": "Death Benefit",
          "coverLimits": [
            
          ]
        },
        {
          "insuredObject": "Person",
          "coverId": "WOP",
          "coverType": "A",
          "seperateSi": "N",
          "coverName": "Waiver of Premium",
          "coverLimits": [
            
          ]
        }
      ],
      "attributes": [
        {
          "Min_Entry_Age": "3 Year(s)"
        },
        {
          "Max_Entry_Age": "65 Years"
        },
        {
          "KYP": "<ul><li>Pay for 5/12 years for policy term of 12/15 years</li><li> Choose your Guaranteed Income for 10 or 15 years</li><li>Get Guaranteed Maturity Benefit at the end of policy term</li><li>Receive Guaranteed Income starting @ 12% of the Basic Sum Assured</li><li>Enjoy increasing income with Income Boosters of 5% to 10% on Guaranteed Income</li><li>Get higher Guaranteed Income with higher annual premium payment</li><li>Enhance your protection with optional Riders</li></ul>"
        }
      ],
      "online": true
    },
    {
      "projections": [
        {
          "payin": "100000",
          "year": 0,
          "age": "30",
          "preminyear": "100000",
          "cummulativepayin": "100000",
          "gapayout": "0",
          "ngapayout4": "0",
          "ngapayout8": "0",
          "totalpayout4": "0",
          "totalpayout8": "0"
        },
        {
          "payin": "100000",
          "year": 1,
          "age": "31",
          "preminyear": "100000",
          "cummulativepayin": "200000",
          "gapayout": "0",
          "ngapayout4": "0",
          "ngapayout8": "0",
          "totalpayout4": "0",
          "totalpayout8": "0"
        },
        {
          "payin": "100000",
          "year": 2,
          "age": "32",
          "preminyear": "100000",
          "cummulativepayin": "300000",
          "gapayout": "0",
          "ngapayout4": "0",
          "ngapayout8": "0",
          "totalpayout4": "0",
          "totalpayout8": "0"
        },
        {
          "payin": "100000",
          "year": 3,
          "age": "33",
          "preminyear": "100000",
          "cummulativepayin": "400000",
          "gapayout": "0",
          "ngapayout4": "0",
          "ngapayout8": "0",
          "totalpayout4": "0",
          "totalpayout8": "0"
        },
        {
          "payin": "100000",
          "year": 4,
          "age": "34",
          "preminyear": "100000",
          "cummulativepayin": "500000",
          "gapayout": "0",
          "ngapayout4": "0",
          "ngapayout8": "0",
          "totalpayout4": "0",
          "totalpayout8": "0"
        },
        {
          "payin": "100000",
          "year": 5,
          "age": "35",
          "preminyear": "100000",
          "cummulativepayin": "600000",
          "gapayout": "0",
          "ngapayout4": "0",
          "ngapayout8": "0",
          "totalpayout4": "0",
          "totalpayout8": "0"
        },
        {
          "payin": "100000",
          "year": 6,
          "age": "36",
          "preminyear": "100000",
          "cummulativepayin": "700000",
          "gapayout": "0",
          "ngapayout4": "0",
          "ngapayout8": "0",
          "totalpayout4": "0",
          "totalpayout8": "0"
        },
        {
          "payin": "100000",
          "year": 7,
          "age": "37",
          "preminyear": "100000",
          "cummulativepayin": "800000",
          "gapayout": "0",
          "ngapayout4": "0",
          "ngapayout8": "0",
          "totalpayout4": "0",
          "totalpayout8": "0"
        },
        {
          "payin": "100000",
          "year": 8,
          "age": "38",
          "preminyear": "100000",
          "cummulativepayin": "900000",
          "gapayout": "0",
          "ngapayout4": "0",
          "ngapayout8": "0",
          "totalpayout4": "0",
          "totalpayout8": "0"
        },
        {
          "payin": "100000",
          "year": 9,
          "age": "39",
          "preminyear": "100000",
          "cummulativepayin": "1000000",
          "gapayout": "0",
          "ngapayout4": "0",
          "ngapayout8": "0",
          "totalpayout4": "0",
          "totalpayout8": "0"
        },
        {
          "payin": "100000",
          "year": 10,
          "age": "40",
          "preminyear": "100000",
          "cummulativepayin": "1100000",
          "gapayout": "0",
          "ngapayout4": "0",
          "ngapayout8": "0",
          "totalpayout4": "0",
          "totalpayout8": "0"
        },
        {
          "payin": "100000",
          "year": 11,
          "age": "41",
          "preminyear": "100000",
          "cummulativepayin": "1200000",
          "gapayout": "0",
          "ngapayout4": "0",
          "ngapayout8": "0",
          "totalpayout4": "0",
          "totalpayout8": "0"
        },
        {
          "year": 12,
          "age": "42",
          "preminyear": "100000",
          "cummulativepayin": "1200000",
          "gapayout": "0",
          "ngapayout4": "0",
          "ngapayout8": "0",
          "totalpayout4": "0",
          "totalpayout8": "0"
        },
        {
          "year": 13,
          "age": "43",
          "preminyear": "100000",
          "cummulativepayin": "1200000",
          "gapayout": "0",
          "ngapayout4": "0",
          "ngapayout8": "0",
          "totalpayout4": "0",
          "totalpayout8": "0"
        },
        {
          "year": 14,
          "age": "44",
          "preminyear": "100000",
          "cummulativepayin": "1200000",
          "gapayout": "0",
          "ngapayout4": "0",
          "ngapayout8": "0",
          "totalpayout4": "0",
          "totalpayout8": "0"
        },
        {
          "year": 15,
          "age": "45",
          "preminyear": "100000",
          "cummulativepayin": "1200000",
          "gapayout": "683000",
          "ngapayout4": "0",
          "ngapayout8": "0",
          "totalpayout4": "683000",
          "totalpayout8": "683000"
        }
      ],
      "minimumdeathbenefit": 1260000,
      "total_ap": "1200000",
      "total_ga": "683000",
      "total_ben4": "683000",
      "total_ben8": "683000",
      "ga_ratio4": "100",
      "ga_ratio8": "100",
      "irr4": 0.04927043837024575,
      "irr8": 0.04927043837024575,
      "benpremratio4": "-261",
      "benpremratio8": "-261",
      "dob": "1987-05-06",
      "rating": "NS",
      "productId": "110N131V01",
      "insurerId": "110",
      "lob": "Life",
      "productType": "MI",
      "productName": "Tata AIA Life Insurance Gold Income Plan",
      "effectiveDate": "2009-01-01",
      "endDate": "9999-12-31",
      "brochureLink": "http://www.tataaia.com/pdf/savings-solutions/Tata_AIA_Life_Insurance_Gold_Income_Paln_Brochure.pdf",
      "onlineLinkType": "GET",
      "insurerName": "TATA AIA life",
      "covers": [
        {
          "insuredObject": "Person",
          "coverId": "ADD",
          "coverType": "A",
          "seperateSi": "Y",
          "coverName": "Accidental Death and Disability",
          "coverLimits": [
            
          ]
        },
        {
          "insuredObject": "Person",
          "coverId": "MORT",
          "coverType": "S",
          "seperateSi": "N",
          "coverName": "Death Benefit",
          "coverLimits": [
            
          ]
        },
        {
          "insuredObject": "Person",
          "coverId": "WOP",
          "coverType": "A",
          "seperateSi": "N",
          "coverName": "Waiver of Premium",
          "coverLimits": [
            
          ]
        }
      ],
      "attributes": [
        {
          "Min_Entry_Age": "3 Year(s)"
        },
        {
          "Max_Entry_Age": "65 Years"
        },
        {
          "KYP": "<ul><li>Pay for 5/12 years for policy term of 12/15 years</li><li> Choose your Guaranteed Income for 10 or 15 years</li><li>Get Guaranteed Maturity Benefit at the end of policy term</li><li>Receive Guaranteed Income starting @ 12% of the Basic Sum Assured</li><li>Enjoy increasing income with Income Boosters of 5% to 10% on Guaranteed Income</li><li>Get higher Guaranteed Income with higher annual premium payment</li><li>Enhance your protection with optional Riders</li></ul>"
        }
      ],
      "online": true
    },
    {
      "projections": [
        {
          "payin": "100000",
          "year": 0,
          "age": "30",
          "preminyear": "100000",
          "cummulativepayin": "100000",
          "gapayout": "0",
          "ngapayout4": "0",
          "ngapayout8": "0",
          "totalpayout4": "0",
          "totalpayout8": "0"
        },
        {
          "payin": "100000",
          "year": 1,
          "age": "31",
          "preminyear": "100000",
          "cummulativepayin": "200000",
          "gapayout": "0",
          "ngapayout4": "0",
          "ngapayout8": "0",
          "totalpayout4": "0",
          "totalpayout8": "0"
        },
        {
          "payin": "100000",
          "year": 2,
          "age": "32",
          "preminyear": "100000",
          "cummulativepayin": "300000",
          "gapayout": "0",
          "ngapayout4": "0",
          "ngapayout8": "0",
          "totalpayout4": "0",
          "totalpayout8": "0"
        },
        {
          "payin": "100000",
          "year": 3,
          "age": "33",
          "preminyear": "100000",
          "cummulativepayin": "400000",
          "gapayout": "0",
          "ngapayout4": "0",
          "ngapayout8": "0",
          "totalpayout4": "0",
          "totalpayout8": "0"
        },
        {
          "payin": "100000",
          "year": 4,
          "age": "34",
          "preminyear": "100000",
          "cummulativepayin": "500000",
          "gapayout": "0",
          "ngapayout4": "0",
          "ngapayout8": "0",
          "totalpayout4": "0",
          "totalpayout8": "0"
        },
        {
          "payin": "100000",
          "year": 5,
          "age": "35",
          "preminyear": "100000",
          "cummulativepayin": "600000",
          "gapayout": "0",
          "ngapayout4": "0",
          "ngapayout8": "0",
          "totalpayout4": "0",
          "totalpayout8": "0"
        },
        {
          "payin": "100000",
          "year": 6,
          "age": "36",
          "preminyear": "100000",
          "cummulativepayin": "700000",
          "gapayout": "0",
          "ngapayout4": "0",
          "ngapayout8": "0",
          "totalpayout4": "0",
          "totalpayout8": "0"
        },
        {
          "year": 7,
          "age": "37",
          "preminyear": "100000",
          "cummulativepayin": "700000",
          "gapayout": "0",
          "ngapayout4": "0",
          "ngapayout8": "0",
          "totalpayout4": "0",
          "totalpayout8": "0"
        },
        {
          "year": 8,
          "age": "38",
          "preminyear": "100000",
          "cummulativepayin": "700000",
          "gapayout": "0",
          "ngapayout4": "0",
          "ngapayout8": "0",
          "totalpayout4": "0",
          "totalpayout8": "0"
        },
        {
          "year": 9,
          "age": "39",
          "preminyear": "100000",
          "cummulativepayin": "700000",
          "gapayout": "120000",
          "ngapayout4": "0",
          "ngapayout8": "0",
          "totalpayout4": "120000",
          "totalpayout8": "120000"
        },
        {
          "year": 10,
          "age": "40",
          "preminyear": "100000",
          "cummulativepayin": "700000",
          "gapayout": "120000",
          "ngapayout4": "0",
          "ngapayout8": "0",
          "totalpayout4": "120000",
          "totalpayout8": "120000"
        },
        {
          "year": 11,
          "age": "41",
          "preminyear": "100000",
          "cummulativepayin": "700000",
          "gapayout": "120000",
          "ngapayout4": "0",
          "ngapayout8": "0",
          "totalpayout4": "120000",
          "totalpayout8": "120000"
        },
        {
          "year": 12,
          "age": "42",
          "preminyear": "100000",
          "cummulativepayin": "700000",
          "gapayout": "120000",
          "ngapayout4": "0",
          "ngapayout8": "0",
          "totalpayout4": "120000",
          "totalpayout8": "120000"
        },
        {
          "year": 13,
          "age": "43",
          "preminyear": "100000",
          "cummulativepayin": "700000",
          "gapayout": "120000",
          "ngapayout4": "0",
          "ngapayout8": "0",
          "totalpayout4": "120000",
          "totalpayout8": "120000"
        },
        {
          "year": 14,
          "age": "44",
          "preminyear": "100000",
          "cummulativepayin": "700000",
          "gapayout": "120000",
          "ngapayout4": "0",
          "ngapayout8": "0",
          "totalpayout4": "120000",
          "totalpayout8": "120000"
        },
        {
          "year": 15,
          "age": "45",
          "preminyear": "100000",
          "cummulativepayin": "700000",
          "gapayout": "294000",
          "ngapayout4": "0",
          "ngapayout8": "0",
          "totalpayout4": "294000",
          "totalpayout8": "294000"
        }
      ],
      "minimumdeathbenefit": 1100000,
      "total_ap": "700000",
      "total_ga": "1014000",
      "total_ben4": "1014000",
      "total_ben8": "1014000",
      "ga_ratio4": "100",
      "ga_ratio8": "100",
      "irr4": 0.039767931989714726,
      "irr8": 0.039767931989714726,
      "benpremratio4": "144",
      "benpremratio8": "144",
      "dob": "1987-05-06",
      "rating": "NS",
      "productId": "110N126V02",
      "insurerId": "110",
      "lob": "Life",
      "productType": "ENDW",
      "productName": "Tata AIA Life Insurance  Smart Income Plus",
      "effectiveDate": "2009-01-01",
      "endDate": "9999-12-31",
      "brochureLink": "http://www.tataaia.com/pdf/savings-solutions/SIP-brochure.pdf",
      "onlineLinkType": "GET",
      "insurerName": "TATA AIA life",
      "covers": [
        {
          "insuredObject": "Person",
          "coverId": "ADD",
          "coverType": "A",
          "seperateSi": "Y",
          "coverName": "Accidental Death and Disability",
          "coverLimits": [
            
          ]
        },
        {
          "insuredObject": "Person",
          "coverId": "MORT",
          "coverType": "S",
          "seperateSi": "N",
          "coverName": "Death Benefit",
          "coverLimits": [
            
          ]
        },
        {
          "insuredObject": "Person",
          "coverId": "WOP",
          "coverType": "A",
          "seperateSi": "N",
          "coverName": "Waiver of Premium",
          "coverLimits": [
            
          ]
        }
      ],
      "attributes": [
        {
          "Min_Entry_Age": "3 Year(s)"
        },
        {
          "Max_Entry_Age": "50 Years"
        },
        {
          "KYP": "A limited pay income plan that meets tomorrow?s requirements along with protecting loved ones and their dreams as it ensures guaranteed returns for the money invested"
        }
      ],
      "online": true
    },
    {
      "projections": [
        {
          "payin": "100000",
          "year": 0,
          "age": "30",
          "preminyear": "100000",
          "cummulativepayin": "100000",
          "gapayout": "0",
          "ngapayout4": "0",
          "ngapayout8": "0",
          "totalpayout4": "0",
          "totalpayout8": "0"
        },
        {
          "payin": "100000",
          "year": 1,
          "age": "31",
          "preminyear": "100000",
          "cummulativepayin": "200000",
          "gapayout": "0",
          "ngapayout4": "0",
          "ngapayout8": "0",
          "totalpayout4": "0",
          "totalpayout8": "0"
        },
        {
          "payin": "100000",
          "year": 2,
          "age": "32",
          "preminyear": "100000",
          "cummulativepayin": "300000",
          "gapayout": "0",
          "ngapayout4": "0",
          "ngapayout8": "0",
          "totalpayout4": "0",
          "totalpayout8": "0"
        },
        {
          "payin": "100000",
          "year": 3,
          "age": "33",
          "preminyear": "100000",
          "cummulativepayin": "400000",
          "gapayout": "0",
          "ngapayout4": "0",
          "ngapayout8": "0",
          "totalpayout4": "0",
          "totalpayout8": "0"
        },
        {
          "payin": "100000",
          "year": 4,
          "age": "34",
          "preminyear": "100000",
          "cummulativepayin": "500000",
          "gapayout": "0",
          "ngapayout4": "0",
          "ngapayout8": "0",
          "totalpayout4": "0",
          "totalpayout8": "0"
        },
        {
          "payin": "100000",
          "year": 5,
          "age": "35",
          "preminyear": "100000",
          "cummulativepayin": "600000",
          "gapayout": "0",
          "ngapayout4": "0",
          "ngapayout8": "0",
          "totalpayout4": "0",
          "totalpayout8": "0"
        },
        {
          "payin": "100000",
          "year": 6,
          "age": "36",
          "preminyear": "100000",
          "cummulativepayin": "700000",
          "gapayout": "0",
          "ngapayout4": "0",
          "ngapayout8": "0",
          "totalpayout4": "0",
          "totalpayout8": "0"
        },
        {
          "payin": "100000",
          "year": 7,
          "age": "37",
          "preminyear": "100000",
          "cummulativepayin": "800000",
          "gapayout": "0",
          "ngapayout4": "0",
          "ngapayout8": "0",
          "totalpayout4": "0",
          "totalpayout8": "0"
        },
        {
          "payin": "100000",
          "year": 8,
          "age": "38",
          "preminyear": "100000",
          "cummulativepayin": "900000",
          "gapayout": "0",
          "ngapayout4": "0",
          "ngapayout8": "0",
          "totalpayout4": "0",
          "totalpayout8": "0"
        },
        {
          "payin": "100000",
          "year": 9,
          "age": "39",
          "preminyear": "100000",
          "cummulativepayin": "1000000",
          "gapayout": "0",
          "ngapayout4": "0",
          "ngapayout8": "0",
          "totalpayout4": "0",
          "totalpayout8": "0"
        },
        {
          "year": 10,
          "age": "40",
          "preminyear": "100000",
          "cummulativepayin": "1000000",
          "gapayout": "0",
          "ngapayout4": "0",
          "ngapayout8": "0",
          "totalpayout4": "0",
          "totalpayout8": "0"
        },
        {
          "year": 11,
          "age": "41",
          "preminyear": "100000",
          "cummulativepayin": "1000000",
          "gapayout": "0",
          "ngapayout4": "0",
          "ngapayout8": "0",
          "totalpayout4": "0",
          "totalpayout8": "0"
        },
        {
          "year": 12,
          "age": "42",
          "preminyear": "100000",
          "cummulativepayin": "1000000",
          "gapayout": "140000",
          "ngapayout4": "0",
          "ngapayout8": "0",
          "totalpayout4": "140000",
          "totalpayout8": "140000"
        },
        {
          "year": 13,
          "age": "43",
          "preminyear": "100000",
          "cummulativepayin": "1000000",
          "gapayout": "140000",
          "ngapayout4": "0",
          "ngapayout8": "0",
          "totalpayout4": "140000",
          "totalpayout8": "140000"
        },
        {
          "year": 14,
          "age": "44",
          "preminyear": "100000",
          "cummulativepayin": "1000000",
          "gapayout": "140000",
          "ngapayout4": "0",
          "ngapayout8": "0",
          "totalpayout4": "140000",
          "totalpayout8": "140000"
        },
        {
          "year": 15,
          "age": "45",
          "preminyear": "100000",
          "cummulativepayin": "1000000",
          "gapayout": "140000",
          "ngapayout4": "0",
          "ngapayout8": "0",
          "totalpayout4": "140000",
          "totalpayout8": "140000"
        },
        {
          "year": 16,
          "age": "46",
          "preminyear": "100000",
          "cummulativepayin": "1000000",
          "gapayout": "140000",
          "ngapayout4": "0",
          "ngapayout8": "0",
          "totalpayout4": "140000",
          "totalpayout8": "140000"
        },
        {
          "year": 17,
          "age": "47",
          "preminyear": "100000",
          "cummulativepayin": "1000000",
          "gapayout": "140000",
          "ngapayout4": "0",
          "ngapayout8": "0",
          "totalpayout4": "140000",
          "totalpayout8": "140000"
        },
        {
          "year": 18,
          "age": "48",
          "preminyear": "100000",
          "cummulativepayin": "1000000",
          "gapayout": "140000",
          "ngapayout4": "0",
          "ngapayout8": "0",
          "totalpayout4": "140000",
          "totalpayout8": "140000"
        },
        {
          "year": 19,
          "age": "49",
          "preminyear": "100000",
          "cummulativepayin": "1000000",
          "gapayout": "140000",
          "ngapayout4": "0",
          "ngapayout8": "0",
          "totalpayout4": "140000",
          "totalpayout8": "140000"
        },
        {
          "year": 20,
          "age": "50",
          "preminyear": "100000",
          "cummulativepayin": "1000000",
          "gapayout": "140000",
          "ngapayout4": "0",
          "ngapayout8": "0",
          "totalpayout4": "140000",
          "totalpayout8": "140000"
        },
        {
          "year": 21,
          "age": "51",
          "preminyear": "100000",
          "cummulativepayin": "1000000",
          "gapayout": "495200",
          "ngapayout4": "0",
          "ngapayout8": "0",
          "totalpayout4": "495200",
          "totalpayout8": "495200"
        }
      ],
      "minimumdeathbenefit": 1100000,
      "total_ap": "1000000",
      "total_ga": "1755200",
      "total_ben4": "1755200",
      "total_ben8": "1755200",
      "ga_ratio4": "100",
      "ga_ratio8": "100",
      "irr4": 0.04467171486180337,
      "irr8": 0.04467171486180337,
      "benpremratio4": "121",
      "benpremratio8": "121",
      "dob": "1987-05-06",
      "rating": "NS",
      "productId": "110N126V02",
      "insurerId": "110",
      "lob": "Life",
      "productType": "ENDW",
      "productName": "Tata AIA Life Insurance  Smart Income Plus",
      "effectiveDate": "2009-01-01",
      "endDate": "9999-12-31",
      "brochureLink": "http://www.tataaia.com/pdf/savings-solutions/SIP-brochure.pdf",
      "onlineLinkType": "GET",
      "insurerName": "TATA AIA life",
      "covers": [
        {
          "insuredObject": "Person",
          "coverId": "ADD",
          "coverType": "A",
          "seperateSi": "Y",
          "coverName": "Accidental Death and Disability",
          "coverLimits": [
            
          ]
        },
        {
          "insuredObject": "Person",
          "coverId": "MORT",
          "coverType": "S",
          "seperateSi": "N",
          "coverName": "Death Benefit",
          "coverLimits": [
            
          ]
        },
        {
          "insuredObject": "Person",
          "coverId": "WOP",
          "coverType": "A",
          "seperateSi": "N",
          "coverName": "Waiver of Premium",
          "coverLimits": [
            
          ]
        }
      ],
      "attributes": [
        {
          "Min_Entry_Age": "3 Year(s)"
        },
        {
          "Max_Entry_Age": "50 Years"
        },
        {
          "KYP": "A limited pay income plan that meets tomorrow?s requirements along with protecting loved ones and their dreams as it ensures guaranteed returns for the money invested"
        }
      ],
      "online": true
    },
    {
      "projections": [
        {
          "payin": "100000",
          "year": 0,
          "age": "30",
          "preminyear": "100000",
          "cummulativepayin": "100000",
          "gapayout": "0",
          "ngapayout4": "0",
          "ngapayout8": "0",
          "totalpayout4": "0",
          "totalpayout8": "0"
        },
        {
          "payin": "100000",
          "year": 1,
          "age": "31",
          "preminyear": "100000",
          "cummulativepayin": "200000",
          "gapayout": "0",
          "ngapayout4": "0",
          "ngapayout8": "0",
          "totalpayout4": "0",
          "totalpayout8": "0"
        },
        {
          "payin": "100000",
          "year": 2,
          "age": "32",
          "preminyear": "100000",
          "cummulativepayin": "300000",
          "gapayout": "0",
          "ngapayout4": "0",
          "ngapayout8": "0",
          "totalpayout4": "0",
          "totalpayout8": "0"
        },
        {
          "payin": "100000",
          "year": 3,
          "age": "33",
          "preminyear": "100000",
          "cummulativepayin": "400000",
          "gapayout": "0",
          "ngapayout4": "0",
          "ngapayout8": "0",
          "totalpayout4": "0",
          "totalpayout8": "0"
        },
        {
          "payin": "100000",
          "year": 4,
          "age": "34",
          "preminyear": "100000",
          "cummulativepayin": "500000",
          "gapayout": "0",
          "ngapayout4": "0",
          "ngapayout8": "0",
          "totalpayout4": "0",
          "totalpayout8": "0"
        },
        {
          "payin": "100000",
          "year": 5,
          "age": "35",
          "preminyear": "100000",
          "cummulativepayin": "600000",
          "gapayout": "0",
          "ngapayout4": "0",
          "ngapayout8": "0",
          "totalpayout4": "0",
          "totalpayout8": "0"
        },
        {
          "payin": "100000",
          "year": 6,
          "age": "36",
          "preminyear": "100000",
          "cummulativepayin": "700000",
          "gapayout": "0",
          "ngapayout4": "0",
          "ngapayout8": "0",
          "totalpayout4": "0",
          "totalpayout8": "0"
        },
        {
          "payin": "100000",
          "year": 7,
          "age": "37",
          "preminyear": "100000",
          "cummulativepayin": "800000",
          "gapayout": "0",
          "ngapayout4": "0",
          "ngapayout8": "0",
          "totalpayout4": "0",
          "totalpayout8": "0"
        },
        {
          "payin": "100000",
          "year": 8,
          "age": "38",
          "preminyear": "100000",
          "cummulativepayin": "900000",
          "gapayout": "0",
          "ngapayout4": "0",
          "ngapayout8": "0",
          "totalpayout4": "0",
          "totalpayout8": "0"
        },
        {
          "payin": "100000",
          "year": 9,
          "age": "39",
          "preminyear": "100000",
          "cummulativepayin": "1000000",
          "gapayout": "0",
          "ngapayout4": "0",
          "ngapayout8": "0",
          "totalpayout4": "0",
          "totalpayout8": "0"
        },
        {
          "payin": "100000",
          "year": 10,
          "age": "40",
          "preminyear": "100000",
          "cummulativepayin": "1100000",
          "gapayout": "0",
          "ngapayout4": "0",
          "ngapayout8": "0",
          "totalpayout4": "0",
          "totalpayout8": "0"
        },
        {
          "payin": "100000",
          "year": 11,
          "age": "41",
          "preminyear": "100000",
          "cummulativepayin": "1200000",
          "gapayout": "0",
          "ngapayout4": "0",
          "ngapayout8": "0",
          "totalpayout4": "0",
          "totalpayout8": "0"
        },
        {
          "year": 12,
          "age": "42",
          "preminyear": "100000",
          "cummulativepayin": "1200000",
          "gapayout": "0",
          "ngapayout4": "0",
          "ngapayout8": "0",
          "totalpayout4": "0",
          "totalpayout8": "0"
        },
        {
          "year": 13,
          "age": "43",
          "preminyear": "100000",
          "cummulativepayin": "1200000",
          "gapayout": "0",
          "ngapayout4": "0",
          "ngapayout8": "0",
          "totalpayout4": "0",
          "totalpayout8": "0"
        },
        {
          "year": 14,
          "age": "44",
          "preminyear": "100000",
          "cummulativepayin": "1200000",
          "gapayout": "160000",
          "ngapayout4": "0",
          "ngapayout8": "0",
          "totalpayout4": "160000",
          "totalpayout8": "160000"
        },
        {
          "year": 15,
          "age": "45",
          "preminyear": "100000",
          "cummulativepayin": "1200000",
          "gapayout": "160000",
          "ngapayout4": "0",
          "ngapayout8": "0",
          "totalpayout4": "160000",
          "totalpayout8": "160000"
        },
        {
          "year": 16,
          "age": "46",
          "preminyear": "100000",
          "cummulativepayin": "1200000",
          "gapayout": "160000",
          "ngapayout4": "0",
          "ngapayout8": "0",
          "totalpayout4": "160000",
          "totalpayout8": "160000"
        },
        {
          "year": 17,
          "age": "47",
          "preminyear": "100000",
          "cummulativepayin": "1200000",
          "gapayout": "160000",
          "ngapayout4": "0",
          "ngapayout8": "0",
          "totalpayout4": "160000",
          "totalpayout8": "160000"
        },
        {
          "year": 18,
          "age": "48",
          "preminyear": "100000",
          "cummulativepayin": "1200000",
          "gapayout": "160000",
          "ngapayout4": "0",
          "ngapayout8": "0",
          "totalpayout4": "160000",
          "totalpayout8": "160000"
        },
        {
          "year": 19,
          "age": "49",
          "preminyear": "100000",
          "cummulativepayin": "1200000",
          "gapayout": "160000",
          "ngapayout4": "0",
          "ngapayout8": "0",
          "totalpayout4": "160000",
          "totalpayout8": "160000"
        },
        {
          "year": 20,
          "age": "50",
          "preminyear": "100000",
          "cummulativepayin": "1200000",
          "gapayout": "160000",
          "ngapayout4": "0",
          "ngapayout8": "0",
          "totalpayout4": "160000",
          "totalpayout8": "160000"
        },
        {
          "year": 21,
          "age": "51",
          "preminyear": "100000",
          "cummulativepayin": "1200000",
          "gapayout": "160000",
          "ngapayout4": "0",
          "ngapayout8": "0",
          "totalpayout4": "160000",
          "totalpayout8": "160000"
        },
        {
          "year": 22,
          "age": "52",
          "preminyear": "100000",
          "cummulativepayin": "1200000",
          "gapayout": "160000",
          "ngapayout4": "0",
          "ngapayout8": "0",
          "totalpayout4": "160000",
          "totalpayout8": "160000"
        },
        {
          "year": 23,
          "age": "53",
          "preminyear": "100000",
          "cummulativepayin": "1200000",
          "gapayout": "160000",
          "ngapayout4": "0",
          "ngapayout8": "0",
          "totalpayout4": "160000",
          "totalpayout8": "160000"
        },
        {
          "year": 24,
          "age": "54",
          "preminyear": "100000",
          "cummulativepayin": "1200000",
          "gapayout": "160000",
          "ngapayout4": "0",
          "ngapayout8": "0",
          "totalpayout4": "160000",
          "totalpayout8": "160000"
        },
        {
          "year": 25,
          "age": "55",
          "preminyear": "100000",
          "cummulativepayin": "1200000",
          "gapayout": "617200",
          "ngapayout4": "0",
          "ngapayout8": "0",
          "totalpayout4": "617200",
          "totalpayout8": "617200"
        }
      ],
      "minimumdeathbenefit": 1260000,
      "total_ap": "1200000",
      "total_ga": "2377200",
      "total_ben4": "2377200",
      "total_ben8": "2377200",
      "ga_ratio4": "100",
      "ga_ratio8": "100",
      "irr4": 0.04663327958141123,
      "irr8": 0.04663327958141123,
      "benpremratio4": "124",
      "benpremratio8": "124",
      "dob": "1987-05-06",
      "rating": "NS",
      "productId": "110N126V02",
      "insurerId": "110",
      "lob": "Life",
      "productType": "ENDW",
      "productName": "Tata AIA Life Insurance  Smart Income Plus",
      "effectiveDate": "2009-01-01",
      "endDate": "9999-12-31",
      "brochureLink": "http://www.tataaia.com/pdf/savings-solutions/SIP-brochure.pdf",
      "onlineLinkType": "GET",
      "insurerName": "TATA AIA life",
      "covers": [
        {
          "insuredObject": "Person",
          "coverId": "ADD",
          "coverType": "A",
          "seperateSi": "Y",
          "coverName": "Accidental Death and Disability",
          "coverLimits": [
            
          ]
        },
        {
          "insuredObject": "Person",
          "coverId": "MORT",
          "coverType": "S",
          "seperateSi": "N",
          "coverName": "Death Benefit",
          "coverLimits": [
            
          ]
        },
        {
          "insuredObject": "Person",
          "coverId": "WOP",
          "coverType": "A",
          "seperateSi": "N",
          "coverName": "Waiver of Premium",
          "coverLimits": [
            
          ]
        }
      ],
      "attributes": [
        {
          "Min_Entry_Age": "3 Year(s)"
        },
        {
          "Max_Entry_Age": "50 Years"
        },
        {
          "KYP": "A limited pay income plan that meets tomorrow?s requirements along with protecting loved ones and their dreams as it ensures guaranteed returns for the money invested"
        }
      ],
      "online": true
    }
  ]
}