{
  "ProposerRel": {
    "BRTHR": "Brother",
    "BUSIN": "Business",
    "CHILD": "Child",
    "EMP": "Employer",
    "ESTA": "Estate",
    "FATHR": "Father",
    "FRIEN": "Friend",
    "GFTHR": "Grandfather",
    "GMTHR": "Grandmother",
    "INSCO": "Insured's Company",
    "MOTHR": "Mother",
    "OTHER": "Other",
    "PAREN": "Parent",
    "PART": "Partner",
    "SAME": "Same Person",
    "SISTR": "Sister",
    "SPOUS": "Spouse"
  },
  "BillingMethod": {
    "DB": "Direct Bill",
    "PP": "Pre Authorized Payment (ECS)",
    "CC": "Credit card",
    "SP": "Single Premium",
    "SD": "Salary Deduction",
    "SI": "Standing instruction"
  },
  "Title": {
    "DR": "DR",
    "MASTER": "MASTER",
    "MR": "MR",
    "MRS": "MRS",
    "MS": "MS",
    "Miss":"Miss"
  },
  "Gender": {
    "C": "Company",
    "F": "Female",
    "J": "Joint Lives",
    "M": "Male",
    "T": "Transgender"
  },
  "MaritalStatus": {
    "D": "Divorced",
    "M": "Married",
    "S": "Single",
    "W": "Widowed"
  },
  "MaritalStatusForJointlife": {
    "M": "Married"
  },
  "Cities":{"1":"Abohar","2":"Agartala","3":"Agra","4":"Ahmedabad","5":"Ahmednagar","6":"Ajmer","7":"Alapuzha","8":"Allahabad","9":"Aluva","10":"Alwar","11":"Ambala","12":"Amravati","13":"Amritsar","14":"Anand","15":"Anantapur","16":"Angul","17":"Ankleshwar","18":"Asansol","19":"Aurangabad","20":"Balhotra (Rajasthan)","21":"Bangalore","22":"Bardoli","23":"Bareilly","24":"Baroda","25":"Bayad", "26":"Gujrat","27":"Beawar","28":"Bhagalpur","29":"Bharatpur","30":"Bharuch","31":"Bhilai","32":"Bhilwara","33":"Bhopal","34":"Bhubaneshwar","35":"Bhuj","36":"Bikaner","37":"Bilaspur","38":"Bokaro","39":"Bulandshashr","40":"Burdwan","41":"Calicut","42":"Chandigarh","43":"Chennai","44":"Chhindwara","45":"Cochin","46":"Coimbatore","47":"Contai","48":"Cuttak","49":"Davangere","50":"Dehradun","51":"Delhi","52":"Dhanbad","53":"Dibrugarh","54":"Duliajan","55":"Durgapur","56":"Erode","57":"Faridabad","58":"Faridkot","59":"Gandhinagar","60":"Gandidham","61":"Gangtok","62":"Ghaziabad","63":"Goa","64":"Gorakhpur","65":"Guntur","66":"Gurdaspur","67":"Gurgaon","68":"Guwahati","69":"Gwalior","70":"Haldwani","71":"Hapur","72":"Hoshangabad","73":"Hosur","74":"Howrah","75":"Hubli","76":"Hyderabad","77":"Ichalkaranji","78":"Indore","79":"Jabalpur","80":"Jaipur","81":"Jalandhar","82":"Jammu","83":"Jamnagar","84":"Jamshedpur","85":"Jaunpur","86":"Jhansi","87":"Jodhpur","88":"Kakinada","89":"Kalyan","90":"Kannur","91":"Kanpur","92":"Kapurthala","93":"Karad","94":"Karimnagar","95":"Karnal","96":"Karur","97":"Kashipur","98":"Khanna","99":"Kishangarh", "100":"Rajasthan","101":"Kolhapur","102":"Kolkata","103":"Kollam","104":"Kota","105":"Kurnool","106":"Kurukshetra","107":"Lucknow","108":"Ludhiana","109":"Madurai","110":"Malappuram","111":"Malegaon","112":"Malkapur","113":"Malout","114":"Mandi H.P.","115":"Mandigobindgarh","116":"Mandsaur","117":"Mangalore","118":"Meerut","119":"Mirayalguda","120":"Mohali","121":"Moradabad","122":"Morbi","123":"Mumbai","124":"Murshidabad","125":"Mysore","126":"Nadia","127":"Nagpur","128":"Namakkal","129":"Nanded","130":"Nashik","131":"Navsari","132":"Neemuch","133":"Nellore","134":"Noida","135":"Ongole","136":"Pala","137":"Panipat","138":"Pathankot","139":"Patiala","140":"Patna","141":"Phagwara","142":"Pondicherry","143":"Porbandar","144":"Pune","145":"Raipur","146":"Rajamundry","147":"Rajkot","148":"Ratlam","149":"Rewari","150":"Rohtak","151":"Ropar","152":"Saharanpur","153":"Salem","154":"Sambalpur","155":"Secunderabad","156":"Shimoga","157":"Silliguri","158":"Sirsa","159":"Solapur","160":"Sonepat","161":"Sriganganagar","162":"Surat","163":"Tezpur","164":"Thane","165":"Thiruvalla","166":"Tinsukia","167":"Tirunelveli","168":"Tirupur","169":"Trichy","170":"Trivandrum","171":"Udaipur","172":"Ujjain","173":"Valsad","174":"Vapi","175":"Varanasi","176":"Vellore","177":"Vijayawada","178":"Yamuna Nagar"},

  "State": {
    "1": "ANDHRA PRADESH",
    "2": "ARUNACHAL PRADESH",
    "3": "ASSAM",
    "4": "BIHAR",
    "5": "CHHATTISGARH",
    "6": "DELHI",
    "7": "GOA",
    "8": "GUJARAT",
    "9": "HARYANA",
    "10": "HIMACHAL PRADESH",
    "11": "JAMMU & KASHMIR",
    "12": "JHARKHAND",
    "13": "KARNATAKA",
    "14": "KERALA",
    "15": "MADHYA PRADESH",
    "16": "MAHARASHTRA",
    "17": "MANIPUR",
    "18": "MEGHALAYA",
    "19": "MIZORAM",
    "20": "NAGALAND",
    "21": "ORISSA",
    "22": "PUNJAB",
    "23": "RAJASTHAN",
    "24": "SIKKIM",
    "25": "TAMIL NADU",
    "26": "TRIPURA",
    "27": "UTTAR PRADESH",
    "28": "UTTARANCHAL",
    "29": "WEST BENGAL",
    "31": "ANDAMAN & NICOBAR ISLANDS",
    "32": "SILVASSA",
    "33": "CHANDIGARH",
    "34": "DADRA AND NAGAR HAVELI",
    "35": "PONDICHERRY",
    "36": "DIU AND DAMAN",
    "53": "UTTARAKHAND",
    "78": "TELANGANA"
  },
  "Qualification": {
    "G": "Graduate",
    "H": "HSC",
    "O": "Post Graduate",
    "P": "Professional",
    "S": "SSC",
    "T": "Others"
  },
  
  "SmokerStatus": {
    "C": "Combined",
    "N": "Non-smoker",
    "S": "Smoker",
    "U": "Unknown"
  },
  "Occupation": {
    "54": "Professional",
    "88": "Retired",
    "89": "Labour/Worker",
    "90": "Agriculture",
    "91": "Armed Forces",
    "92": "Business Owner",
    "93": "Driver",
    "94": "Housewife",
    "95": "Other",
    "96": "Police",
    "97": "Service",
    "98": "Student",
    "99": "MinorChild",
    "CRAFTSMAN":"Skilled Worker"
  }, 

  "OrganizationType": {
    "NGO": "NON GOVERNMENT ORGANIZATION",
    "TRU": "TRUST",
    "CHR": "CHARITIES",
    "PRO": "PROPRIETORSHIP",
    "PAR": "PARTNERSHIP",
    "HUF": "HUF",
    "PRL": "PRIVATE LTD.",
    "PUL": "PUBLIC LTD.",
      "S":  "Society",
      "G":	"Government"
},
  
  "AGEPROOF": {
    "1":"Aadhar Card",
   "82":"Baptism or Marriage Certificate",
  "114":"Court Affidavit/Gram Panchayat certificate",
  "109":"Driving Licence",
  "110":"Domicile Certificate",
  "112":"Govt Employment Certificate",
  "116":"Municipal Birth Certificate",
  "115":"Nursing Hospital Certificate/Discharge Card",
  "107":"Passport",
  "108":"Pan Card",
  "86":"School/College Certificate"
}, 
  "IDPROOF": {
    "5": "Driving Licence",
    "244": "Government ID card",
    "15": "Job Card issued by NREGA",
    "245": "Letter issued by a Gazette Officer",
    "17": "Letter issued by UIA",
    "3": "Pan Card",
    "2": "Passport",
    "4": "Voter's Identity Card"
  },
  
  "INCOMEPROOF" :{
  "45":"Agricultural Income Certificate",
	"46":"Agricultural-land details and Income Assesments",
	"246":"Alternative Income Proof",
	"41-1":"Appointment/Agreement letter issued within the last one year",
	"243":"Audited Business Financials of the company for the last 3 years",
	"47":"Bank statement for last one year",
	"49":"Bank statement reflecting salary credits",
	"44":"CA certificate",
	"41-2":"Employer's Certificate for Income/Regular Pension details",
	"40-1":"Form 16/16A ( latest)",
	"40-2":"Form 26AS of last 2 years",
	"40-3":"Income Tax Returns",
	"40-4":"ITR for last 2 years",
	"40-5":"ITR for last 3 years",
	"40-6":"ITR reflecting income from Dividend",
	"47-2":"Mutual Fund/portfolio statement for last one year",
	"44-2":"Professional receipts for one year",
	"49-1":"Salary Slip/Form 16",
	"49-2":"Salary slips for 3 months"
}, 

"CommAddressType":
{
  "A"   :"Apartment",                               
  "H"   : "House",                                   
   "O"  : "Office",                                  
  "X"   :	"Others",                                  
  "C"   : "Residential/Business",
  "R"   :  "Residential",
  "B"   :  "Business",
  "G"    :  "Registered Office",
  "U"   :  "Unspecified"

},

"PermAddressType":
{
  "A"     :      "Apartment" ,                              
  "H"     :    	"House",                                  
  "O"     :   	"Office",                                  
  "X"     :     	"Others" ,                                 
  "C"     :     "Residential/Business",
  "R"     :     "Residential",
  "B"      :    "Business",
  "G"      :    "Registered Office",
  "U"      :     "Unspecified"
  
},
  "RESPROOF": {
    "17-3": "Pension or family PPO by Govt",
    "21": "Bank Account/Post Office Saving Account Statement",
    "90": "Utility Bill",
    "24-1": "Letter of allotment of accomodation",
    "24-2": "Leave and License agreements",
    "24-3": "Property of Municipal tax receipt",
    "2": "Passport",
    "5": "Driving Licence",
    "17-2": "Letter issued by UIA",
    "15": "Job Card issued by NREGA",
    "17-1": "Documents issued by Government departments",
    "4": "Voter's Identity Card"
  },
  "PaymentMethod": {
    "PP": "Cheque",
    "CC": "Credit Card/ Debit Card/ Net Banking"
    },

  "PolicyType": {
      "G": "General",
      "N": "NRI",
      "M": "MWP"
  },

"Country":
{
"AR"	:	"Argentina",
"AT"	:	"Austria",
"AU"	:	"Australia",
"BE"	:	"Belgium",
"BG"	:	"Bulgaria",
"BM"	:	"Bermuda",
"BS"	:	"Bahamas",
"CA"	:	"Canada",
"CH"	:	"Switzerland",
"CL"	:	"Chile",
"CZ"	:	"CzechRepublic",
"DE"	:	"Germany",
"DK"	:	"Denmark",
"ES"	:	"Spain",
"FI"	:	"Finland",
"FR"	:	"France",
"GB"	:	"UnitedKingdom",
"GR"	:	"Greece",
"HT"	:	"Haiti",
"HU"	:	"Hungary",
"IE"	:	"Ireland",
"IT"	:	"Italy",
"JM"	:	"Jamaica",
"MX"	:	"Mexico",
"NL"	:	"Netherlands",
"NO"	:	"Norway",
"PL"	:	"Poland",
"PR"	:	"PuertoRico",
"PT"	:	"Portugal",
"SE"	:	"Sweden",
"SI"	:	"Slovenia",
"US"	:	"UnitedStates",
"ZA"	:	"SouthAfrica",
"JP"	:	"Japan",
"IN"	:	"India",
"UA"	:	"UAE",
"QA"	:	"QATAR",
"BA"	:	"Bahrain",
"KU"	:	"Kuwait",
"OM"	:	"Oman",
"SA"	:	"SaudiArabia",
"BK"	:	"BANGKOK",
"A2"	:	"AlandIslands",
"A3"	:	"Albania",
"A5"	:	"AmericanSamoa",
"A6"	:	"Andorra",
"A8"	:	"Anguilla",
"A9"	:	"Antarctica",
"B1"	:	"AntiguaAndBarbuda",
"B3"	:	"Aruba",
"B6"	:	"Barbados",
"B7"	:	"Belarus",
"B8"  : "Belize",                                  
"C3"	:	"Bonaire,SintEustatiusandSaba",
"C4"	:	"BosniaAndHerzegovina",
"C6"	:	"BouvetIsland",
"C7"	:	"Brazil",
"C8"	:	"BritishIndianOceanTerritory",
"C9"	:	"BruneiDarussalam",
"D5"	:	"CapeVerde",
"D6"	:	"CaymanIslands",
"D9"	:	"China",
"E1"	:	"ChristmasIsland",
"E2"	:	"Cocos(Keeling)Islands",
"E4"	:	"Comoros",
"E7"	:	"CookIslands",
"E8"	:	"CostaRica",
"F1"	:	"Croatia",
"F2"	:	"Cuba",
"F3"	:	"Curacao",
"F4"	:	"Cyprus",
"F6"	:	"Dominica",
"F7"	:	"DominicanRepublic",
"G4"	:	"Estonia",
"G5"	:	"Ethiopia",
"G6"	:	"FalklandIslands(Malvinas)",
"G7"	:	"FaroeIslands",
"G8"	:	"Fiji",
"G9"	:	"FrenchGuiana",
"H1"	:	"FrenchPolynesia",
"H2"	:	"FrenchSouthernTerritories",
"H3"	:	"Gabon",
"H7"	:	"Gibraltar",
"H8"	:	"Greenland",
"H9"	:	"Grenada",
"I1"	:	"Guadeloupe",
"I2"	:	"Guam",
"I4"	:	"Guernsey",
"I8"	:	"HeardIslandAndMcDonaldIslands",
"J1"	:	"HongKong",
"J2"	:	"Iceland",
"J6"	:	"IsleOfMan",
"J8"	:	"Jersey",
"J9"	:	"Jordan",
"K3"	:	"Kiribati",
"K5"	:	"Korea,RepublicOf",
"K8"	:	"Latvia",
"L4"	:	"Liechtenstein",
"L5"	:	"Lithuania",
"L6"	:	"Luxembourg",
"L7"	:	"Macao",
"L8"	:	"Macedonia,FormerYugoslavRepublicOf",
"M2"	:	"Malaysia",
"M3"	:	"Maldives",
"M5"	:	"Malta",
"M6"	:	"MarshallIslands",
"M7"	:	"Martinique",
"M9"	:	"Mauritius",
"N1"	:	"Mayotte",
"N2"	:	"Micronesia,FederatedStatesOf",
"N4"	:	"Monaco",
"N6"	:	"Montenegro",
"O3"	:	"Nauru",
"O5"	:	"NetherlandsAntilles",
"O6"	:	"NewCaledonia",
"O7"	:	"NewZealand",
"P2"	:	"Niue",
"P3"	:	"NorfolkIsland",
"P4"	:	"NorthernMarianaIslands",
"P6"	:	"Palau",
"Q4"	:	"Pitcairn",
"Q5"	:	"ReunionIsland",
"Q6"	:	"Romania",
"Q8"	:	"SaintBarthelemy",
"R1"	:	"SaintKittsAndNevis",
"R2"	:	"SaintLucia",
"R3"	:	"SaintMartin",
"R4"	:	"SaintPierreAndMiquelon",
"R5"	:	"SaintVincentAndTheGrenadines",
"R6"	:	"Samoa",
"R7"	:	"SanMarino",
"S1"	:	"Serbia",
"S2"	:	"Seychelles",
"S4"	:	"SintMarteen",
"S5"	:	"Slovakia",
"S8"	:	"SouthGeorgiaandSouthSandwichIsland",
"T1"	:	"SriLanka",
"T7"	:	"Taiwan,ProvinceOfChina",
"U3"	:	"Tokelau",
"U4"	:	"Tonga",
"U5"	:	"TrinidadAndTobago",
"U6"	:	"Tunisia",
"U9"	:	"TurksAndCaicosIslands",
"V1"	:	"Tuvalu",
"V4"	:	"UnitedStatesMinorOutlyingIslands",
"V5"	:	"Uruguay",
"V7"	:	"Vanuatu",
"V8"	:	"VaticanCityState",
"W1"	:	"VietNam",
"W2"	:	"VirginIslands,British",
"W3"	:	"VirginIslands,U.S.",
"W4"	:	"WallisAndFutuna",
"HL"	:	"Holland",
"SD"	:	"Sardinia",
"UE"	:	"UnitedArabEmirates",
"SL"	:	"Scotland",
"SC"	:	"Sicily",
"UN"	:	"UnitedStatesofAmerica",
"EN"	:	"England",
"NI"	:	"NorthernIreland",
"SR"	:	"SlovakRepublic",
"WL"	:	"Wales",
"AB"	:	"AleutianIslands",
"AD"	:	"ArgentineRepublic",
"AE"	:	"Azores",
"BC"	:	"BoraBora",
"BD"	:	"Britain",
"BF"	:	"BritishVirginIslands",
"BH"	:	"Brunei",
"CB"	:	"CanaryIslands",
"CE"	:	"CommonwealthofAustralia",
"CF"	:	"CommonwealthofDominica",
"CG"	:	"CommonwealthofPuertoRico",
"CI"	:	"CommonwealthofTheBahamas",
"HA"	:	"HashemiteKingdomofJordan",
"HB"	:	"HawaiianIslands",
"HC"	:	"Hebrides",
"HD"	:	"HellenicRepublic",
"HE"	:	"HongKongSpecialAdministrativeRegion",
"IB"	:	"IndependentStateofSamoa",
"IH"	:	"IslasMalvinas",
"IJ"	:	"ItalianRepublic",
"KA"	:	"KingdomofBahrain",
"KB"	:	"KingdomofBelgium",
"KE"	:	"KingdomofDenmark",
"KH"	:	"KingdomofNorway",
"KI"	:	"KingdomofSaudiArabia",
"KJ"	:	"KingdomofSpain",
"KL"	:	"KingdomofSweden",
"KN"	:	"KingdomoftheNetherlands",
"KO"	:	"KingdomofTonga",
"KQ"	:	"Korea(South)",
"KR"	:	"Kosovo",
"LA"	:	"Laos",
"MA"	:	"MacauSpecialAdministrativeRegion",
"MB"	:	"Macedonia",
"MC"	:	"MadeiraIslands",
"MD"	:	"Micronesia",
"NA"	:	"NegaraBruneiDarussalam",
"OA"	:	"OrientalRepublicofUruguay",
"OB"	:	"OrkneyIslands",
"OC"	:	"OverseasLandsofFrenchPolynesia",
"RR"	:	"RepublicofCroatia",
"RS"	:	"RepublicofCuba",
"RT"	:	"RepublicofCyprus",
"RZ"	:	"RepublicofEstonia",
"QB"	:	"RepublicofFinland",
"QH"	:	"RepublicofHungary",
"QI"	:	"RepublicofIceland",
"QJ"	:	"RepublicofIndia",
"QN"	:	"RepublicofKiribati",
"QO"	:	"RepublicofKorea",
"QP"	:	"RepublicofKosovo",
"QQ"	:	"RepublicofLatvia",
"QR"	:	"RepublicofLithuania",
"QV"	:	"RepublicofMaldives",
"QX"	:	"RepublicofMalta",
"QY"	:	"RepublicofMauritius",
"PJ"	:	"RepublicofMontenegro",
"PN"	:	"RepublicofNauru",
"PW"	:	"RepublicofPoland",
"PY"	:	"RepublicofSanMarino",
"OD"	:	"RepublicofSerbia",
"OE"	:	"RepublicofSeychelles",
"OG"	:	"RepublicofSingapore",
"OH"	:	"RepublicofSlovenia",
"OI"	:	"RepublicofSouthAfrica",
"ON"	:	"RepublicoftheFijiIslands",
"OP"	:	"RepublicoftheMarshallIslands",
"OS"	:	"RepublicofTrinidadandTobago",
"OW"	:	"RepublicofVanuatu",
"ND"	:	"Reunion",
"SB"	:	"SaintHelena",
"SF"	:	"SaintVincentandtheGrenadines",
"SG"	:	"ShetlandIslands",
"SH"	:	"SocialistRepublicofVietnam",
"SJ"	:	"SouthKorea",
"SN"	:	"StateofKuwait",
"SO"	:	"StateofQatar",
"SQ"	:	"StateoftheVaticanCity",
"SS"	:	"SultanateofOman",
"ST"	:	"SwissConfederation",
"TA"	:	"Tahiti",
"TB"	:	"Taiwan",
"TD"	:	"TerritoryofAmericanSamoa",
"TG"	:	"TheBahamas",
"TJ"	:	"TheHolySee",
"TK"	:	"TheMarshallIslands",
"TL"	:	"TheNetherlands",
"TN"	:	"TheVaticanCity",
"TO"	:	"TibetAutonomousRegion",
"TQ"	:	"TunisianRepublic",
"UB"	:	"UK",
"UC"	:	"UnionoftheComoros",
"UF"	:	"UnitedMexicanStates",
"UH"	:	"UnitedStatesVirginIslands",
"UI"	:	"USA",
"VA"	:	"VaticanCity",
"VC"	:	"Vietnam",
"VD"	:	"VirginIslands(UnitedStates)",
"VE"	:	"Vojvodina",
"FA"	:	"FalklandIslands",
"FB"	:	"FederalDemocraticRepublicofEthiopia",
"FC"	:	"FederalRepublicofGermany",
"FD"	:	"FederatedStatesofMicronesia",
"FE"	:	"FederationofSaintKittsandNevis",
"FF"	:	"FederativeRepublicofBrazil",
"FG"	:	"FrenchRepublic",
"GA"	:	"GaboneseRepublic",
"GC"	:	"GalapagosIslands",
"GD"	:	"GrandDuchyofLuxembourg",
"GE"	:	"GreatBritain",
"PD"	:	"PitcairnIslands",
"PE"	:	"PortoSantoIsland",
"PF"	:	"PortugueseRepublic",
"PG"	:	"PrincipalityofAndorra",
"PH"	:	"PrincipalityofLiechtenstein",
"PI"	:	"PrincipalityofMonaco",
"RA"	:	"RepublicofAlbania",
"RD"	:	"RepublicofAustria",
"RF"	:	"RepublicofBelarus",
"RJ"	:	"RepublicofBulgaria",
"RL"	:	"RepublicofCapeVerde",
"RN"	:	"RepublicofChile",
"RP"	:	"RepublicofCostaRica",
"PC"	:	"PeopleRepublicofChina",
"DG"	:	"Dubai",
"GZ"	:	"Gaza",
"WG"	:	"WestBank&Gaza",
"NS"	:	"NORTHSUDAN",
"WI"	:	"WESTINDIES",
"YU"	:	"YUGOSLAVIAN",
"ZR"	:	"ZAIRE"
 },
  "BankAccountType": {
    "CUR": "Current Account",
    "KEY": "Key Account",
    "PCA": "Personal Chequing Account",
    "SAV": "Savings Account",
    "SCA": "Savings/Chequing Account",
    "TCA": "True Chequing Account"
  },
  "MinorGuardian": {
    "P": "Parent",
    "G": "Grandparent",
    "O": "Others"
  },
  "MinorClass": {
    "0": "0",
    "1": "1",
    "2": "2",
    "3": "3",
    "4": "4",
    "5": "5",
    "6": "6",
    "7": "7",
    "8": "8",
    "9": "9",
    "10": "10",
    "11": "11",
    "12": "12"
  },
  "HealthCode": {
 
    "C": "Cancer",
    "D": "DM",
    "E": "Heart Problems",
    "H": "Hypertension",
    "O": "Ok/Good",
    "N": "Neourological",
    "U": "Other"
  },


  "Mode": {
    "1": "Self  Monthly",
    "3": "Quarterly",
    "6": "Semi Annually",
    "12": "Annually"
  },
  "Fund": {
    "I0001": "Protector",
    "I0002": "Builder",
    "I0003": "Enhancer",
    "I0004": "Creator",
    "I0005": "Magnifier",
    "I0006": "Assure",
    "I0007": "Maximiser",
    "I0008": "Multiplier",
    "I0009": "Income Advantage",
    "I0010": "Super 20",
    "I0011": "Liquid Plus",
    "I0012": "Pure Equity",
    "I0013": "Value & Momentum",
    "I0015": "Capped Nifty Index",
    "I0016": "Asset Allocation"
  },
  "InvestmentOptions": {
    "A": "Aggressive",
    "C": "Conservative",
    "M": "Moderate",
    "S": "Self Managed",
    "G": "Guaranteed",
    "D": "Systematic Transfer",
    "Blank": "Not Selected"
  },
  "Nationality": {
    "IND": "Indian",
    "NRI": "NON RESIDENT INDIAN",
    "PIO": "Person of Indian Origin",
    "FNIO": "Foreign National Indian Origin",
    "OTH": "Others"
  },
  "PreferedLangauge":{
    "H":	"Hindi",
    "E":	"English",
    "B":	"Bengali",
    "M":	"Marathi",
    "G":	"Gujarati",
    "O":	"Oriya",
    "T":	"Telugu",
    "Y":	"Malayalam",
    "C":	"Tamil",
    "K":	"Kannada",
    "A":	"Assamese",
    "I":	"Manipuri",
    "P":  "Punjabi",
    "J":	"Bhojpuri",
    "L":  "Maithili",
    "V":	"Marvadi",
    "N":	"Konkani",
    "W":	"Khasi",
    "S":	"Sindhi",
    "U":	"Tullu",
    "R":	"Rajasthani",
    "X":	"Nepali"
    },

  

  "CommAddressType":
  {
    "A" :     "Apartment",                               
    "H" :     "House",     	                                   
    "O" :     "Office",                                  
    "X" :    	"Others",                                  
    "C" :    "Residential/Business",
    "R" :   	"Residential",
    "B" :     "Business",
    "G" :     "Registered Office",
    "U" :     "Unspecified"
  
  },
  "Plans": {
    "BPE": "BSLI Easy Protect Plan",
    "BWL": "BSLI Vision LifeSecure",
    "BSP": "BSLI Savings Plan",
    "BVR": "BSLI Vision Regular Returns",
    "VEN": "BSLI Vision Endowment (7 Pay & 10 Pay)",
    "BIV": "BSLI Vision LifeIncome",
    "BWA": "BSLI Wealth Assure Plan",
    "BSE": "BSLI Wealth Secure Plan",
    "WMX": "BSLI Wealth Max Plan",
    "BES": "BSLI Empower Pension Plan",
    "BGF": "BSLI Guaranteed Future",
    "PRE": "BSLI Protect@Ease",
    "BPP": "BSLI Protector Plus Plan",
    "BI5": "BSLI Immediate Annuity",
    "BFE": "BSLI Fortune Elite",
    "IAS": "BSLI Income Assured Plan",
    "BVE": "BSLI Vision Endowment Plus Plan",
    "BVM": "BSLI Vision Money Back Plus Plan",
    "BVC": "BSLI Vision Star Plan"
  },
  "InsurancePurpose":
  {
    "R":"Risk",
    "S":"Savings",
    "E":"Childs Education",
    "M":"Childs Marriage",
    "A":"Retirement Planning",
    "L":"Legacy Planning",
    "F":"Family Protection", 
    "H":"Protection against Health",
    "W":"Wealth Creation",
    "O":"Cover Outstanding Loans",
    "B":"Business Continuity",
    "T":"Tax Planning"
    
  },
  "LifeStyleQuestions": {
    "IsOutsideIndiaVacc180days": "Do you intend to live or travel outside India for a period of more than 180 days? If Yes, submit appropriate questionnaire.",
    "IsOccupationHazardous": "Are you involved or do you intend to involve in any hazardous occupation or avocation? (for e.g. flying other than a fare-paying passenger, diving, mountaineering, working at heights, underground or offshore, using explosives or any other dangerous activity) If Yes, submit appropriate questionnaire.",
    "IsFamilyMemDiagnosedBefore60": "Has any of your parents, brothers or sisters been diagnosed with any hereditary or chronic disorder, heart ailment, high blood pressure, cancer, diabetes prior to age 60?",
    "IsAnyDeclinedInsurance": "Have you ever had an application for life, accident, medical, health-related insurance or riders refused, withdrawn, declined, postponed or offered with restricted benefits or with an increased premium or made any claim under any such policy of insurance with BSLI or any other insurer in India or abroad? If Yes, give details.",
    "IsAnyConcurrentInsurance": "Is there any concurrent application and/or any existing insurance on your life for Life / Health / Accident / Critical Illness or other riders in effect with BSLI or any other insurer in India or abroad? If Yes, give details.",
    "IsAlcoholic": "Do You consume alcohol?",
    "IsTobaccoConsumed": "Do you consume tobacco?",
    "IsNarcotic": "Do you consume or have you ever consumed any narcotic substance?"
  },
  "MedicalQuestions": {
    "IsSickatWorkfor10Days": "Have you remained absent from place of work on grounds of health for a continuous period of more than 10 days for reasons other than pregnancy, minor fracture, cold or flu?",
    "IsUdergoneSurgeryPast5yrs": "In the past five years, have you ever undergone any surgical operation at a hospital or clinic or undergone any investigations with other than normal or negative results (including X-rays, ECG, blood tests, biopsies etc.)?",
    "IsHavingHeartDisorders": "Have you ever sought advice or suffered from Chest pain, high blood pressure, high cholesterol, heart attack, heart murmur or other heart disorders?",
    "IsHavingLungDisorder": "Have you ever sought advice or suffered from Asthma, chronic cough, pneumonia, shortness of breath, tuberculosis (TB) or other respiratory or lung disorders?",
    "IsDiabetic": "Have you ever sought advice or suffered from Diabetes / elevated blood sugar or sugar in the urine?",
    "IsHavingDigestiveDisorder": "Have you ever sought advice or suffered from Ulcer, colitis, chronic diarrhea, hepatitis or jaundice or other liver or digestive disorders?",
    "IsHavingThyroidDisorder": "Have you ever sought advice or suffered from Cancer, tumor, abnormal growth, and thyroid disorder, enlarged glands or enlarged lymph nodes?",
    "IsHavingNervousDisorder": "Have you ever sought advice or suffered from Dizziness / fainting spells, epilepsy, paralysis, stroke, nervous or mental / emotional disorder?",
    "IsKidneyDisorder": "Have you ever sought advice or suffered from Kidney, urinary, bladder, reproductive organ or prostate disorders?",
    "IsArthritisOrBoneDisorder": "Have you ever sought advice or suffered from Arthritis, gout or joint pain, muscle disorder, bone fracture or disorders?",
    "IsHavingEyeDisorder": "Have you ever sought advice or suffered from Disorder of eyes (such as cataract, glaucoma etc.) or ears?",
    "IsHavingOtherSurgeryOrInjury": "Have you ever sought advice or suffered from Any other illness, surgery or injury?",
    "IsPhysicalyDeformed": "Do you have any physical defects, impairment, deformities and / or any condition affecting mobility, sight and / or hearing?",
    "IsHavingPhysicalHealthSymptoms": "Do you have any health symptoms or complaints for which a physician has not been consulted or treatment received? (Persistent fever, unexplained weight loss, loss of appetite, pain, swelling, etc.)",
    "IsSpouseUndergoneHIVTest": "Have you or your spouse received any medical advice, testing or treatment for any sexually transmitted disease or HIV Infection?"
     },
    "FemaleMedicalQuestions" : {
    "IsPregnant": "For female lives only: Are you pregnant?",
    "IsSufferingGynaecologicalPrblms": "Have you suffered from or do you have any gynecological problems or illness related to uterus / ovaries or breasts?"
   	},
  	
  "MinorQuestions": {
    "IsMinorAvailedMedical": "Other than normal care at birth, has the minor within the last 5 years received any medical attention from the doctor or any medical treatment by diet, medicine or by any other means or been a patient in a hospital or availed of any other medical services?",
    "IsMinorAnySurgery": "Has the minor ever been diagnosed with or treated / consulted for heart disorder, rheumatic fever, cancer, tumor, enlarged glands, anemia, bleeding or blood disorder, kidney, urinary or bladder disorder / infection, arthritis, deformity, birth defects, HIV / AIDS or AIDS related complex or undergone a test indicating the presence of HIV (AIDS) virus, any other illness, surgery or injury?",
    "IsMinorDiagonsed": "Has the minor ever been diagnosed or treated for shortness of breath, asthma, diabetes, sugar in urine, colitis, hepatitis or other liver or digestive disorder, fainting spells, epilepsy, nervous or mental disorder? If Yes, submit appropriate questionnaire.",
    "IsDocConsultedlessthen4yrs": "Does the minor have any health symptoms or complaints for which a physician has not been consulted or no treatment has been"
    },
  "NomineeRel": {
    "PAREN": "Parent",
    "GFTHR": "Grandfather",
    "GMTHR": "Grandmother",
    "SPOUS": "Spouse",
    "BRTHR": "Brother",
    "SISTR": "Sister",
    "OTHER": "Others",
    "SON": "Son",
    "DAUGH": "Daughter",
    "CHILD": "Children",
    "HUSBD": "Husband",
    "WIFE": "Wife"
  },

"AppointeeRelationshipWithNom":
{
    "PAR"   :"Parent",
    "GFTHR"	:"Grandfather",
    "GMTHR" :"Grandmother",
    "SPO"   :"Spouse",
    "BRO"   :"Brother",
    "SIS"   :"Sister",
    "OTHER" :"Others",
    "CHI"   :"Children",
    "RLAT1" :"Father",
    "RLAT3"	:"Husband",
    "RLAT2" :"Mother",
    "RLAT4"	:"Wife"
},

  "SourceOfFund":{
    "S":	"Salary",
    "B":	"Business Income",
    "O":	"Others"
  },
  "PolicyRegion": {
    "U": "Urban",
    "R": "Rural",
    "DM": "DM"
  },
  "HowKnown": {
    "Direct Mail": "Direct Mail",
    "Existing Customer": "Existing Customer",
    "Friend": "Friend",
    "Other": "Other",
    "Reference / Cold Call": "Reference / Cold Call",
    "Relative": "Relative"
  },
  "InsurancePurpose": {
    "R":	"Risk",
    "S":	"Savings",
    "E":	"Childs Education",
    "M":	"Childs Marriage",
    "A":	"Retirement Planning",
    "L":	"Legacy Planning",
    "F":	"Family Protection",
    "H":	"Protection against Health",
    "W":	"Wealth Creation",
    "O":	"Cover Outstanding Loans",
    "B":	"Business Continuity",
    "T":	"Tax Planning"
  },
  "IR": {
    "05": "CAMS",
    "01": "NSDL",
    "02": "CDSL",
    "04": "KARVY"
  },
  "AlcoholType": {
    "Beer": "Beer",
    "HardLiquor": "HardLiquor",
    "Wine": "Wine"
  },
  "TobaccoType": {
    "Cigarettes": "Cigarettes",
    "Bidi": "Bidi",
    "Gutka": "Gutka",
    "Paan": "Paan"
  },
  "TransferDate": {
    "1st": "1st",
    "8th": "8th",
    "15th": "15th",
    "22nd": "22nd"
  },
  "DeathCause": {
    "N": "Normal",
    "ND": "Natural Death",
    "A": "Accidental",
    "U": "Other"
  },
  "AddressType": {
    "R": "Residential Address",
    "O": "Office Address",
    "P": "Permanent Address"
  },
  "IsFamilyMemDiagnosedBefore60Hdr" : {
    "member": "Member",
    "age": "Age",
    "healthStateTitle": "Health State",
    "deathCauseTitle": "Death Cause",
    "deathAge": "Death Age",
    "otherDeathCause": "Death Cause-Other",
    "otherHealthState": "Health State-Other"
  },
  "IsTobaccoConsumedHdr" : {
    "tobaccoType": "In the Form Of",
    "qty": "Quantity",
    "years": "No of Year"
  },
  "IsAlcoholicHdr" : {
    "alcoholType": "Type",
    "qty": "Quantity",
    "qtyType": "Qty Type",
    "frequency": "Frequency",
    "years": "Years"
  },
  "IsNarcoticHdr" : {
    "alcoholType": "Type",
    "qty": "Quantity",
    "qtyType": "Qty Type",
    "frequency": "Frequency",
    "years": "Years"
  },
  "IsAnyConcurrentInsuranceHdr" : {
    "insurerName": "Insurer",
    "sumAssured": "Sum Assured"
  },
  "IsAnyDeclinedInsuranceHdr" : {
    "policyNumber": "Application No",
    "insurerName": "Insurer",
    "issueYear": "Issue Year",
    "sumAssured": "Sum Assured",
    "Reasons": "Reason"
  },
  
  "PlanCodeMapping":{
    "109N091V01" : "PRE",
  	"109N089V03": "IAS",
  	"109N095V01": "BGF",
  	"109N088V01": "BSPS",
  	"109N102V01": "BSP",
  	"109N092V01": "BVE",
  	"109N096V01": "BVC",
  	"109N087V01" : "BWL",
  	"109L074V02" : "BSE",
  	"109L100V02" : "WAS",
  	"109L078V02" : "BES",
  	"109L108V01" : "ADS"
  }
}