{
  "AddressProof": {
    "AC": "Aadhar card, UID",
    "TB": "Any Telephone Bill of less than 6 months",
    "AF": "Armed Force or Defense ID card",
    "BC": "Bank Certificate from Bank",
    "BS": "Bank Statement of Last 6 months",
    "CC": "Credit Card Statement of less than 6 months",
    "CL": "Declaration-Letter Head of Co. less than 30 days",
    "DC": "Domicile Certificate",
    "DL": "Driving License",
    "IT": "Income Tax Return of Current,last Assessment year",
    "PH": "Latest Personal or Home loan Statements",
    "MF": "Mutual Fund, Demat Acc Stmt less than 6 months",
    "OT": "Others",
    "PP": "Passport",
    "PO": "Post Office Saving or PPF Account - with photo",
    "PR": "Property Registration Deed",
    "PT": "Property Tax Document",
    "RC": "Ration Card",
    "RB": "RC Book Copy",
    "RA": "Rent Agreement",
    "SD": "Shares,Debentures,Rights,Bonus,Dividend Statements",
    "SC": "Society Charges Payment Rcpt less than 12 months",
    "IC": "TALIC Agent IRDA License",
    "UB": "Utility Bills(Electricity, Water, Gas)",
    "VI": "Voter ID Card"
  },
  "AddressType": {
    "R": "Residential Address",
    "O": "Office Address",
    "P": "Permanent Address"
  },
  "AgeProof": {
    "AD": "Aadhar ID Card - Standard",
    "BC": "Baptism Certificate",
    "DI": "Defense ID Card",
    "DC": "Domicile Certificate",
    "DL": "Driving License",
    "EI": "Employee ID",
    "HD": "Hospital Discharge  Card less than age 5 years",
    "IC": "IRDA agent license",
    "LI": "LIC Policies, Reciepts",
    "MC": "Marriage Certificate",
    "MB": "Municipal Birth Certificate",
    "MW": "Municipal Birth Certificate less than age 5yrs",
    "PC": "PAN Card",
    "PP": "Passport",
    "PF": "PF Statement",
    "SA": "School, college admit cards",
    "SC": "School, college Certificate",
    "SP": "School, College Proofs",
    "SE": "Service Extract"
  },
  "ProposerRel": {
    "37": "Parent",
    "38": "Grandparent",
    "20": "Self",
    "41": "Spouse"
  },
  "ProposerType": {
    "INDV": "Individual",
    "ENTY": "Entity"
  },
  "ProposalType": {
    "EE": "Employer Employee",
    "PART": "Partnership",
    "KAYM": "Keyman",
    "TRS": "Trust",
    "HUF": "HUF",
    "MWPA": "MWPA"
  },
  "AppointeeRel": {
    "37": "Parent",
    "38": "Grandparent",
    "39": "Sister",
    "42": "Brother",
    "46": "Others"
  },
  "Bank": {
    "2": "STATE BANK OF INDIA",
    "3": "STATE BANK OF BIKANER & JAIPUR",
    "4": "STATE BANK OF HYDERABAD",
    "5": "STATE BANK OF INDORE(SBN)",
    "6": "STATE BANK OF MYSORE",
    "7": "STATE BANK OF PATIALA (007)",
    "8": "STATE BANK OF SAURASHTRA (MERG",
    "9": "STATE BANK OF TRAVANCORE",
    "10": "ALLAHABAD BANK(ALB)",
    "11": "ANDHRA BANK",
    "12": "BANK OF BARODA",
    "13": "BANK OF INDIA",
    "14": "BANK OF MAHARASHTRA",
    "15": "CANARA BANK",
    "16": "CENTRAL BANK OF INDIA(CBI)",
    "17": "CORPORATION BANK",
    "18": "DENA BANK",
    "19": "INDIAN BANK(INB)",
    "20": "INDIAN OVERSEAS BANK(IOB)",
    "22": "ORIENTAL BANK OF COMMERCE",
    "23": "PUNJAB AND SIND BANK",
    "24": "PUNJAB NATIONAL BANK",
    "25": "SYNDICATE BANK",
    "26": "UNION BANK OF INDIA(UBI)",
    "27": "UNITED BANK OF INDIA (027)",
    "28": "UCO BANK",
    "29": "VIJAYA BANK",
    "33": "BANK OF TOKYO LTD",
    "34": "BANQUE NATIONALE DE PARIS",
    "36": "STANDARD CHARTERED BANK",
    "37": "CITI BANK",
    "39": "HONGKONG SHANGHAI BKG.CORP.",
    "47": "CATHOLIC SYRIAN BANK LTD.",
    "48": "DHANALAKSHMI BANK LTD",
    "49": "FEDERAL BANK LTD",
    "51": "JAMMU AND KASHMIR BANK LTD",
    "52": "Karnataka bank",
    "53": "KARUR VYSYA BANK LTD.(KVB)",
    "54": "CITY UNION BANK LTD",
    "56": "LVB-LAKSHMI VILAS BANK LTD",
    "59": "SOUTH INDIAN BANK LTD.(SIB)",
    "60": "TAMILNAD MERCANTILE BANK LTD.",
    "64": "VYSYA BANK LTD.(VBL)",
    "65": "ABHYUDAYA CO-OP BANK LTD",
    "66": "AHMEDABAD MERCANTILE CO-OP BANK LTD",
    "68": "MUMBAI DIST.CENTRAL CO-OP BANK",
    "69": "BMC BANK LTD",
    "71": "DECCAN MERCHANTS CO-OP BANK LTD",
    "72": "DEVELOPMENT CREDIT BANK LTD",
    "73": "JAIN SAHAKARI BANK LTD",
    "74": "JANATA SAHAKARI BANK LTD",
    "76": "KAPOLE CO-OP BANK LTD",
    "77": "KURLA NAGARIK SAHAKARI BANK LTD",
    "79": "THE MALAD SAHAKARI BANK LTD",
    "82": "MAHARASHTRA STATE CO-OP BANK L",
    "84": "MOGAVEERA CO-OP BANK LTD",
    "85": "NEW INDIA CO-OP BANK LTD",
    "86": "N.K.G.S.B.CO-OP BANK LTD",
    "87": "SAHYADRI SAH. BANK LTD",
    "88": "SARASWAT BANK",
    "89": "THE SHAMRAO VITHAL CO-OP BANK LTD.",
    "91": "TAMILNADU STATE CO-OP BANK LTD",
    "92": "MADRAS CENTRAL CO-OP BANK LTD",
    "93": "WEST BENGAL STATE CO-OP BANK",
    "94": "NOIDA COMMERCIAL COOPERATIVE BANK LTD",
    "95": "GREATER BOMBAY CO-OP BANK LTD",
    "96": "THE MAHANAGAR CO-OP. BANK LTD",
    "98": "APNA SAHAKARI BANK LTD",
    "99": "SONALI BANK LIMITED",
    "101": "BANTRA CO-OP BANK LTD",
    "103": "LILUAH CO-OP BANK LTD",
    "105": "JANAKALYAN SAHAKARI BANK LTD",
    "107": "THE SATARA SAHAKARI BANK LTD",
    "108": "THE SAFE CO-OP BANK LTD",
    "109": "THANE JANATA SAHAKARI BANK LTD",
    "110": "THE MUNCIPAL CO-OP BANK LTD",
    "111": "GENERAL POST OFFICE",
    "112": "THE BHARAT CO-OP BANK LTD",
    "113": "GUWAHATI CO-OP URBAN BANK LTD",
    "114": "INDUSTRIAL CO-OP BANK LTD",
    "116": "ASSAM GRAMIN VIKASH BANK(PJG)",
    "117": "ASSAM CO-OP APEX BANK LTD",
    "118": "AHMEDABAD DIST.CO-OP. BANK LTD.(ADC)",
    "124": "GUJRATH STATE CO-OP BANK LTD",
    "126": "KALUPUR COMMERCIAL CO-OP BANK LTD",
    "128": "NUTAN NAGRIK SAHAKRI BANK LTD",
    "130": "SOCIAL CO-OP BANK LTD",
    "131": "TEXTILE TRADERS CO-OP BANK LTD",
    "134": "BHAGYODAYA CO-OP BANK LTD",
    "135": "SARANGPURA CO-OP BANK LTD",
    "136": "UNION CO-OP BANK LTD",
    "138": "COLOUR MERCHANTS CO-OP BANK LTD",
    "139": "NAVNIRMAN CO-OP BANK LTD",
    "141": "PROGRESSIVE MERC.CO-OP BANK LTD",
    "142": "ANDHRA PRADESH MAHESH CO-OP UR",
    "143": "ANDHRA PRADESH STATE CO-OP BANK LTD",
    "144": "HYDERABAD DIST.CO-OP CENTRAL BANK LTD",
    "149": "PATAN CO-OP BANK LTD",
    "150": "BANK OF BAHRAIN AND KUWAIT BSC",
    "153": "BARODA CENTRAL CO-OP BANK LTD",
    "154": "BARODA TRADERS CO-OP BANK LTD",
    "156": "BARODA CITY CO-OP BANK LTD",
    "159": "MAKARPURA INDL.EST.CO-OP BANK LTD",
    "160": "VARDHAMAN SAH.BANK LTD",
    "164": "COSMOS CO-OP BANK LTD",
    "165": "THE MUSLIM CO-OP BANK LTD",
    "168": "PUNE PEOPLES CO-OP BANK LTD",
    "171": "VIDYA SAH.BANK LTD",
    "172": "PUNE HEAD POST OFFICE",
    "174": "PUNE ZILLA MADHYA.SAH.BANK MARYADIT",
    "175": "MAHESH SAH.BANK LTD",
    "176": "RATNAKAR BANK LTD",
    "177": "KERALA STATE CO-OP BANK LTD",
    "178": "LORD KRISHNA BANK LTD.(LKR)",
    "180": "TRIVANDRUM DIST.CO-OP BANK LTD",
    "182": "SHIKSHAK SAH.BANK LTD",
    "184": "NAINITAL BANK LTD",
    "189": "JAIPUR CENTRAL CO-OP BANK LTD",
    "191": "Rajasthan Urban Co-op Bank",
    "192": "URBAN CO-OP BANK LTD",
    "195": "THE VAISH CO-OP NEW BANK LTD",
    "196": "DELHI NAGARIK SAH.BANK LTD",
    "197": "GRAIN MERCHANTS CO-OP BANK LTD",
    "198": "TRIVANDRUM CO-OP URBAN BANK LTD",
    "199": "CHITANVISPURA FRIENDS CO-OP BANK LTD",
    "200": "DEUTSCHE BANK",
    "201": "SHREE MAHALAXMI MER.CO-OP BANK LTD",
    "202": "PRAGATI SAHAKARI BANK LTD",
    "207": "SADHANA SAHAKARI BANK LTD",
    "208": "VAISH CO-OP ADARSH BANK LTD",
    "209": "CITIZEN CREDIT CO-OP BANK LTD",
    "210": "OMAN INTERNATIONAL BANK SAOG",
    "211": "AXIS BANK LTD.(AXS)",
    "213": "BIHAR STATE CO-OP BANK LTD",
    "215": "SARASPUR NAGRIK SAHKARI BANK(SNB)",
    "217": "RAJKOT NAGRIK SAHAKARI BANK LTD",
    "218": "ORRISA STATE CO-OP BANK LTD",
    "219": "NEELANCHAL GRAMYA BANK",
    "222": "A.P. VARDHAMAN (MAHILA) CO-OP BANK LTD",
    "225": "BCO-Sreenidhi Sahakara Bank Niyamitha",
    "226": "APEX BANK",
    "227": "MALLESWARAN CO-OP BANK LTD",
    "229": "I.C.I.C.I.BANKING CORPORATION",
    "233": "HDFC BANK (ERSTWHILE CENTURION",
    "234": "INDUSIND BANK LTD",
    "235": "DOMBIVLI NAG.SAH.BANK LTD",
    "238": "BASSAIN CATHOLIC CO-OP BANK LT",
    "240": "HDFC BANK LTD.(HDF)",
    "242": "PANCHSHEEL MERCANTILE CO-OP BANK LTD",
    "243": "THE RANDER PEOPLES CO-OP BANK LTD",
    "245": "SURAT MERCANTILE CO-OP BANK LTD",
    "246": "SURAT NATIONAL CO-OP BANK LTD",
    "248": "SURAT TEXTILE TRADERS CO-OP BANK LTD",
    "249": "SARVODAYA SAHAKARI BANK LTD",
    "250": "PRIME CO-OP BANK LTD",
    "251": "SURAT PEOPLES CO-OP BANK LTD",
    "255": "INDRAPRASTHA SAH. BANK LTD",
    "256": "SARDAR VALLABHBHAI SAH. BANK LTD",
    "257": "JANASEVA SAHAKARI BANK LTD",
    "258": "SIDDI CO-OP BANK LTD",
    "259": "I.D.B.I. BANK LTD.",
    "261": "SHRI M.VISVESVASRAYA CO-OP BAN",
    "267": "MAHILA CO-OP BANK LTD",
    "271": "THE TEXTILE CO-OP BANK OF SURAT LTD",
    "272": "BHAGINI NIVEDITA SAH. BANK MAR",
    "275": "THE NATIONAL CO-OP BANK LTD",
    "278": "INDORE CLOTH MARKET CO-OP BANK LTD",
    "279": "INDORE PARASPARA SAH. BANK LTD",
    "280": "INDORE PREMIER CO-OP BANK LTD",
    "281": "M.P.RAJYA SAH. BANK LTD",
    "283": "NAGRIK SAH. BANK LTD",
    "284": "PARASPAR SAHAYAK CO-OP BANK LTD",
    "285": "SHUBH-LAXMI MAHILA CO-OP BANK LTD",
    "286": "TRANSPORT CO-OP BANK LTD",
    "288": "RESERVE BANK EMPLOYEES CO-OP BANK LTD",
    "289": "THE VARACHHA CO-OP BANK LTD",
    "291": "THE SHIVAJI-NAGAR CO-OP BANK LTD",
    "297": "CITIZEN URBAN COOP BANK LTD",
    "299": "DISTRICT CO-OP BANK LTD",
    "302": "THE NARODA NAGRIK CO-OP BANK LTD",
    "303": "KANKARIA MANINAGAR NAG.SAH.BANK LTD",
    "304": "KANGRA CO-OP BANK LTD",
    "305": "KHATRI CO-OP URBAN BANK LTD",
    "308": "JHARNESHWAR NAG.SAH.BANK MARYADIT",
    "309": "BHOPAL CO-OP CENTRAL BANK LTD",
    "310": "SADGURU NAGRIK SAHAKARI BANK MARYADIT",
    "312": "PARSIK JANATA SAH.BANK LTD",
    "313": "MEHASANA URBAN CO-OP BANK LTD",
    "314": "THE CITY CO-OP BANK LTD",
    "315": "SHRI CHHANI NAG.SAH.BANK LTD",
    "318": "COMMERCIAL CO-OP BANK LTD",
    "319": "SANKHEDA NAG.SAH.BANK LTD",
    "320": "MAHESANA SAMAJ CO-OP BANK LTD",
    "322": "ALAVI CO-OP BANK LTD",
    "323": "UMA CO-OP BANK LTD",
    "325": "SULAIMANI CO-OP BANKING SOCIETY LTD",
    "326": "SHRI CO-OP BANK LTD",
    "328": "PUNJAB AND MAHARASHTRA CO-OP BANK LTD",
    "329": "JAIN CO-OP BANK LTD",
    "330": "AKOLA URBAN CO-OP BANK LTD",
    "331": "BANK OF CEYLON",
    "332": "STATE BANK OF MAURITIUS LTD",
    "335": "VSL-VISHWESHWAR SAHAKARI BANK",
    "337": "GURDASPUR-AMRITSAR KSHETRIYA GRAMIN VIKAS BANK",
    "340": "ASTHA MAHILA NAGRIK SAHAKARI BANK MARYADIT",
    "341": "MAHANAGAR NAGRIK SAHAKARI BANK MARYADIT",
    "344": "TIRUPATI URBAN CO-OP BANK LTD",
    "345": "Abhinav Sahakari Bank",
    "348": "JAIPUR THAR GRAMIN BANK",
    "349": "SHRAMIK SAHAKARI BANK LTD",
    "350": "PUNJAB STATE CO-OP BANK LTD",
    "352": "SUVARNAYUG SAHAKARI BANK LTD",
    "353": "RAJARSHI SHAHU SAHAKARI BANK MARYADIT",
    "355": "BHARATI SAHAKARI BANK LTD",
    "358": "SHREE SHARADA SAHAKARI BANK LTD",
    "360": "GANDHIBAGH SAHAKARI BANK LTD",
    "361": "JANATA CO-OP BANK LTD",
    "363": "KRISHNA MERCANTILE CO-OP BANK LTD",
    "364": "AKOLA JANATA COMMERCIAL CO-OP BANK LTD",
    "365": "SUB-SHRIRAM URBAN CO-OP. BANK",
    "367": "KALYAN JANATA SAHAKARI BANK LTD",
    "369": "NASIK MERCHANTS CO-OP BANK LTD",
    "371": "NASIK ZILHA MAHILA SAHAKARI BANK LTD",
    "372": "NASIK DISTRICT CENTRAL CO-OP BANK LTD",
    "374": "NASIK ROAD DEOLALI VYAPARI SAHAKARI BANK LTD",
    "375": "SHREE SAMARTH SAHAKARI BANK LTD",
    "376": "GODAVARI URBAN CO-OP BANK LTD",
    "381": "NASIK JILHA MAHILA VIKAS SAHAKARI BANK LTD",
    "384": "TRICHUR URBAN CO-OP BANK LTD",
    "385": "INDIAN MERCANTILE CO-OP BANK LTD",
    "386": "ICHALKARANJI JANATA SAHAKARI B",
    "387": "KOLHAPUR DISTRICT CENTRAL CO-OP BANK LTD",
    "389": "SHRI MAHALAXMI CO-OP BANK LTD",
    "390": "STATE TRANSPORT CO-OP BANK LTD",
    "393": "YOUTH DEVELOPMENT CO-OP BANK LTD",
    "394": "THE AJARA URBAN CO-OP BANK LTD",
    "395": "CHOUNDESHWARI CO-OP BANK LTD",
    "396": "SHRIPATRAO DADA SAHAKARI BANK LTD",
    "397": "SHRI WARANA SAHAKARI BANK LTD",
    "398": "KOLHAPUR URBAN CO-OP BANK LTD",
    "401": "KOLHAPUR MAHILA SAHAKARI BANK LTD",
    "402": "SHREE PANCHGANGA NAGARI SAHAKARI BANK LTD",
    "403": "THE VADGAON URBAN CO-OP BANK LTD",
    "404": "GADHINGLAJ URBAN CO-OP BANK LTD",
    "407": "SHRI VEERSHAIV CO-OP BANK LTD",
    "410": "JAMIA CO-OP BANK LTD",
    "411": "TAMILNADU INDL.COOP.BANK LTD",
    "412": "THE SEVA VIKAS CO-OP BANK LTD",
    "413": "BICHOLIM URBAN CO-OP BANK LTD",
    "415": "GOA STATE CO-OP BANK LTD",
    "416": "THE GOA URBAN CO OP BANK LTD",
    "417": "MADGAUM URBAN CO-OP BANK LTD",
    "418": "MAPUSA URBAN CO-OP BANK LTD",
    "419": "FINANCIAL CO-OP BANK LTD",
    "420": "APANI SAHAKARI BANK LTD",
    "421": "BAVLA NAGRIK SAHAKARI BANK LTD",
    "422": "UNITED CO-OP BANK LTD",
    "432": "ADINATH CO-OP BANK LTD",
    "434": "KUKARWADA NAG.SAH.BANK LTD",
    "437": "AKHAND ANAND CO-OP BANK LTD",
    "438": "THE ANDHRA BANK EMPLOYEES CO-OP BANK LTD",
    "441": "CO-OPERATIVE BANK OF RAJKOT LTD",
    "442": "SHREE DHARTI CO-OP BANK LTD",
    "443": "JIVAN COMM.CO-OP BANK LTD",
    "445": "RAJKOT PEOPLES CO-OP BANK LTD",
    "446": "SREE CHARAN CO-OP BANK LTD",
    "448": "AVADH GRAMIN BANK",
    "449": "ASSOCIATE CO-OP BANK LTD",
    "450": "NAGRIK SAMABAY BANK LTD",
    "451": "THE WOMENS CO-OP BANK LTD",
    "454": "BARODA UP GRAMIN BANK",
    "455": "SREE SUBRAMANYESWARA CO-OP BANK LTD",
    "456": "INTEGRAL URBAN CO-OP BANK",
    "458": "GEORGE TOWN CO-OP BANK LTD",
    "459": "PANCHMAHAL-VADODARA GRAMIN BAN",
    "460": "NORTH MALABAR GRAMIN BANK",
    "461": "AGRA DISTRICT CO-OP BANK LTD",
    "462": "JAMUNA GRAMIN BANK",
    "465": "SHREE LAXMI CO-OP BANK LTD",
    "466": "THE ALWAYE URBAN CO-OP BANK LTD",
    "468": "VIJAY COMMERCIAL CO-OP BANK LTD",
    "470": "NAGRIK SAHAKARI BANK LTD",
    "471": "CITIZENS CO-OP BANK LTD",
    "472": "VERAVAL MERCANTILE CO-OP BANK LTD",
    "473": "RAJKOT COMMERCIAL CO-OP BANK LTD",
    "474": "SHRI RAJKOT DISTRICT CO-OP BAN",
    "475": "SHREE PARSWANATH CO-OP BANK LTD",
    "476": "JILA SAHAKARI KENDRIYA BANK MARYADIT",
    "479": "JILA SAHAKARI CENTRAL BANK MARYADIT",
    "480": "SOUTH MALABAR GRAMIN BANK",
    "481": "THRISSUR DISTRICT CO-OP BANK LTD",
    "485": "KOTAK MAHINDRA BANK LTD",
    "486": "KASHI GRAMIN BANK",
    "487": "BANARAS MERCANTILE CO-OP BANK LTD",
    "488": "KARAD URBAN CO-OP BANK LTD",
    "489": "GWALIOR DATIA KSHETRIYA GRAMIN BANK",
    "490": "ALLAHABAD DISTRICT CO-OP BANK LTD",
    "491": "CHHATTISGARH RAJYA SAHAKARI BANK MARYADIT",
    "492": "INDIRA PRIYADARSHINI MAHILA NAG.SAH.BANK MARYADIT",
    "493": "LAXMI MAHILA NAGRIK SAHAKARI BANK MARYADIT",
    "494": "RAIPUR URBAN MERCANTILE CO-OP BANK LTD",
    "495": "VYAVSAIK SAHAKARI BANK LTD",
    "497": "LAXMIBAI MAHILA NAGRIK SAHAKARI BANK MARYADIT",
    "500": "JPMORGAN CHASE BANK N.A.",
    "502": "BUSINESS CO-OP BANK MARYADIT",
    "503": "JANAKALYAN CO-OP BANK LTD",
    "504": "VISHWAS CO-OP BANK LTD",
    "506": "PADMASHRI DR. VITHALRAO VIKHE PATIL CO-OP BANK LTD",
    "507": "JALGAON JANATA SAHAKARI BANK LTD",
    "508": "SANGAMNER MER. CO.OP.BK.,",
    "509": "NASIK ZILLA GIRNA SAHAKARI BANK LTD",
    "510": "JANASEVA CO-OP BANK LTD",
    "511": "DR.BABASAHEB AMBEDKAR SAH. BANK LTD",
    "512": "CENTRAL MADHYA PRADESH GRAMIN BANK",
    "518": "PIMPALGAON MERCHANTS CO-OP BANK LTD",
    "520": "FEROKE CO-OP URBAN BANK LTD",
    "521": "CHHATISGARH GRAMIN BANK",
    "524": "THE THANE DISTRICT CENTRAL CO-",
    "525": "THANE BHARAT SAHAKARI BANK LTD",
    "526": "DR. AMBEDKAR NAGRIK SAHAKARI BANK MARYADIT",
    "532": "YES BANK LTD.(YES)",
    "541": "DEHRADUN DISTRICT CO-OP BANK",
    "542": "URBAN CO-OP BANK",
    "544": "UTTARANCHAL GRAMIN BANK",
    "545": "CLA-CAPITAL LOCAL AREA BANK(CL",
    "547": "TRICHIRAPALLI DISTRICT CENTRAL CO-OP BANK LTD",
    "554": "UTTARANCHAL STATE CO-OP. BANK LTD",
    "556": "SHRAMIK NAGARIK SAHAKARI BANK LTD",
    "561": "MALKAPUR URBAN CO-OP BANK LTD",
    "564": "SUNDARLAL SAWJI URBAN CO-OP. BANK LTD",
    "569": "PEOPLES CO-OPERATIVE BANK LTD",
    "570": "MAHARASHTRA GODAVARI GRAMIN BANK",
    "574": "TUMKUR GRAIN MERCHANTS CO-OP BANK LTD",
    "577": "UDAIPUR URBAN CO-OP. BANK LTD.(UUC)",
    "579": "AURANGABAD DIST. CENTRAL CO-OP.BANK LTD",
    "582": "DEOGIRI NAGARI SAHAKARI BANK LTD",
    "584": "RAJARAMBAPU SAHAKARI BANK LTD",
    "586": "SOLAPUR DIST. CENTRAL CO-OP. BANK LTD",
    "587": "SOLAPUR JANATA SAHAKARI BANK LTD",
    "588": "PANDHARPUR URBAN CO-OP. BANK LTD",
    "589": "SOLAPUR SIDDEHWAR SAHAKARI BANK LTD",
    "590": "SOLAPUR SOCIAL URBAN CO-OP.BANK LTD",
    "591": "VIKAS SAHAKARI BANK LTD",
    "592": "VYAPARI SAHAKARI BANK LTD",
    "593": "BRAHMADEODADA MANE SAHAKARI BANK LTD",
    "596": "MANORAMA CO-OP. BANK LTD.",
    "597": "SAMARTH SAHAKARI BANK LTD",
    "598": "MAHESH URBAN CO-OP. BANK LTD",
    "599": "OSMANABAD JANTA SAHAKARI BANK LTD",
    "600": "NILKANTH URBAN CO-OP. BANK LTD",
    "601": "VITA MERCHANTS CO-OP. BANK LTD",
    "602": "VIDYANANAD CO-OP. BANK LTD",
    "603": "SHRI MAHAVEER URBAN CO-OP. BAN",
    "604": "LOKMANGAL CO-OP. BANK LTD",
    "605": "KAMALA CO-OP. BANK LTD",
    "606": "BARAMATI SAHAKARI BANK LTD",
    "607": "SHARAD NAGARI SAHAKARI BANK LTD",
    "608": "SOCIETE GENERALE THE FRENCH AN",
    "611": "NAGAR SAHAKARI BANK LTD",
    "612": "LAXMI CO-OPERATIVE BANK LTD",
    "614": "MANIPUR RURAL BANK",
    "615": "Bhavnagar Nagrik Sahakri Bank",
    "618": "MEGHALAYA COOP APEX BANK LTD",
    "619": "Dena Gujarat Gramin Bank",
    "620": "MEGHALAYA RURAL BANK",
    "621": "NAWANAGAR CO-OP. BANK LTD",
    "622": "PARSHWANATH CO-OP. BANK LTD",
    "639": "CITIZEN CO-OP. BANK LTD",
    "640": "HINDUSTAN CO-OP. BANK LTD",
    "641": "DBS BANK LTD",
    "642": "JRB-JAMMU RURAL BANK",
    "643": "RANCHI KHUNTI CENTRAL CO-OP. BANK LTD",
    "644": "ELLAQUAI DEHATI BANK",
    "645": "THE JAMMU CENTRAL CO-OPERATIVE",
    "648": "SINGHBHUM DIST. CENTRAL CO-OP. BANK LTD",
    "652": "COASTAL LOCAL AREA BANK LTD.(CLA)",
    "653": "NARMADA MALWA GRAMIN BANK",
    "658": "BARCLAYS BANK PLC",
    "659": "SHINHAN BANK",
    "660": "Citizens Co op Bank Ltd",
    "661": "Lokvikas Nagari Sahakari Bank Ltd",
    "662": "SAURASHTRA GRAMIN BANK",
    "663": "HDFC BANK LTD.",
    "693": "ZOROASTRIAN BANK",
    "694": "Mizuho Corporate Bank Limited",
    "696": "SARVA HARYANA GRAMIN BANK",
    "700": "BAITARANI GRAMYA BANK",
    "702": "CHAITANYA GODAVARI GRAMEENA BA",
    "703": "ANDHRA PRAGATHI GRAMEENA BANK",
    "706": "KALINGA GRAMYA BANK",
    "707": "DECCAN GRAMEENA BANK (DEG)",
    "733": "Bharati Sahakari Bank Ltd",
    "800": "CUTTACK CENTRAL CO-OP. BANK",
    "801": "Hindustan Co Op Bank",
    "802": "URBAN CO-OPERATIVE BANK",
    "803": "ABHIVRIDHI MAHILA SAHAKARI BAN",
    "804": "SIRSI URBAN SAHAKRI SOUHARD BA",
    "805": "KARNATAKA VIKAS BANK(KTV)",
    "806": "ANDHRA PRADESH GRAMEENA VIKAS",
    "807": "MANSA NAGARIK SAHAKARI BANK LTD",
    "808": "PIONEER URBAN CO-OPERATIVE BAN",
    "811": "DECCAN GRAMEENA BANK (DGB)",
    "812": "DAIVADNYA SAHAKARI BANK",
    "814": "Irinjalakkuda Town Co.op. Bank Ltd",
    "826": "Peoples Urban Co-Operative Bank",
    "828": "HIMACHAL GRAMIN BANK",
    "829": "KOZHIKODE DISTRICT CO-OP BANK LTD",
    "832": "Feroke co op urban bank Ltd",
    "834": "MALVIYA URBAN CO-OPERATIVE BAN",
    "836": "DSP CO-OP BANK",
    "838": "Tirupati Co op Town Bank Ltd",
    "840": "SHRI CHHATRAPATI RAJARSHI SHAHU URBAN CO-OP. BANK LTD.",
    "841": "KODUNGALLUR TOWN CO-OP BANK",
    "843": "The Palamoor Co-Op Urban Bank Ltd",
    "851": "SARVODAYA COMMERCIAL CO-OP Bank LTD",
    "853": "THE VAIDYANATH URBAN CO OP BANK LTD",
    "854": "POORNAWADI NAGRIK SAHAKARI BAN",
    "859": "Bhingar Urban Coop Bank",
    "899": "RESERVE BANK EMPLOYEES CO-OPER",
    "903": "DURGA CO-OP. URBAN BANK LTD",
    "998": "Credit Co Op Bank"
  },
  "Country": {
    "AU": "AUSTRALIA",
    "AT": "AUSTRIA",
    "BE": "BELGIUM",
    "BN": "BRUNEI DARUSSALAM",
    "BG": "BULGARIA",
    "CA": "CANADA",
    "CN": "CHINA",
    "CZ": "CZECH REPUBLIC",
    "DK": "DENMARK",
    "FI": "FINLAND",
    "FR": "FRANCE",
    "DE": "GERMANY",
    "GR": "GREECE",
    "GL": "GREENLAND",
    "HK": "HONG KONG",
    "HU": "HUNGARY",
    "IS": "ICELAND",
    "IN": "INDIA",
    "IE": "IRELAND",
    "IT": "ITALY",
    "JP": "JAPAN",
    "KW": "KUWAIT",
    "LU": "LUXEMBOURG",
    "MU": "MAURITIUS",
    "NL": "NETHERLANDS",
    "NZ": "NEW ZEALAND",
    "NO": "NORWAY",
    "OM": "OMAN",
    "PL": "POLAND",
    "PT": "PORTUGAL",
    "RO": "ROMANIA",
    "SG": "SINGAPORE",
    "SK": "SLOVAK REPUBLIC",
    "SI": "SLOVENIA",
    "KR": "SOUTH KOREA (REPUBLIC OF KOREA)",
    "ES": "SPAIN",
    "SE": "SWEDEN",
    "CH": "SWITZERLAND",
    "AE": "UNITED ARAB EMIRATES",
    "GB": "UNITED KINGDOM",
    "US": "UNITED STATES",
    "VA": "VATICAN CITY"
  },
  "Designation": {
    "1": "Director",
    "2": "Managing Director/CEO",
    "3": "Executive-Top Management/CXO",
    "4": "Executive-Middle Management",
    "5": "Executive/Clerk",
    "6": "Peon/Support Staff",
    "7": "Worker",
    "8": "Others",
    "9": "Proprietor/Owner",
    "10": "Partner",
    "11": "Consultant",
    "12": "Freelancer",
    "13": "School Student",
    "14": "College Student",
    "15": "Post Graduate Student",
    "16": "Homemaker",
    "17": "Retired",
    "18": "Others",
    "19": "Owner",
    "20": "Contract Farmer",
    "21": "Labourer",
    "22": "Proprietor/Owner",
    "23": "Partner",
    "24": "Consultant",
    "25": "Freelancer"
  },
  "Education": {
    "1": "Below SSC",
    "2": "10th",
    "3": "12th",
    "4": "Graduate",
    "5": "Post Graduate",
    "7": "Illiterate",
    "9": "Chartered Accountant",
    "14": "Diploma",
    "15": "Vacational courses"
  },
  "FamilyMember": {
    "95":"Spouse",
    "96":"Father",
    "97":"Mother",
    "98":"Sister",
    "99":"Brother",
    "991":"Brother One",
    "992":"Brother Two",
    "981":"Sister One",
    "982":"Sister Two"
  },
  "HealthQuestions": {
   	"AdvisedTreatment": "Do you or any of the persons proposed to be Insured has/have any condition, ailment or injury or related condition(s) for which you or any of the persons proposed to be Insured had signs or symptoms, and/or were advised/treatment within past 48 months?",
  	"Surgery": "Have you undergone treatment/surgery or is any treatment/surgery ongoing or planned. If Yes, please specify name of the treatment/surgery. "
  },
  "MedicalQuestions": {
    "IsPhysicalyDeformed": "Do you have any physical deformity / handicap or congenital defect / abnormality?",
    "IsAdvisedSurgicalOperation": "Have you ever been advised to and / or have undergone any tests, investigations or surgery or had signs or symptoms of any condition, aliment or injury and / or were advised treatment for or have been hospitalized for check-up or treatment other than minor flu, cold or influenza?",
    "IsCardio": "High or Low Blood Pressure / Raised Cholesterol / Chest Pain / Palpitation / Rheumatic Fever / Heart Murmur / Shortness of Breath / Heart Attack / Stroke / Any other heart condition.",
    "IsHormonal": "High Blood Sugar/ Diabetes / Thyroid or endocrine disorder / Sugar in Urine / Any other hormonal disorder.",
    "IsRespiratory": "Asthma / Tuberculosis / chronic cough, chronic bronchitis, emphysema, pneumonia / Any other respiratory disorder.",
    "IsCancer": "Cancer / Tumor or malignant growth / Leukemia / Anemia / Enlarged lymph nodes/ Any blood disorder.",
    "IsAbsentWork": "Have you been off work due to illness for a continuous period of 7 days and above during the last 5 years?",
    "IsDigestive": "Recurrent indigestion / Gastritis / Stomach or Duodenal Ulcer / Hernia / Jaundice / Disorders of the liver / Cirrhosis and Gastrointestinal System/ Any other disease.",
    "IsMentalDisorder": "Symptoms or ailment relating to Brain Depression / Anxiety / Brain Disorder or disease / Mental / Psychiatric / Transient ischemic attack /Parkinson's disease / Multiple Sclerosis / Nervous disorder / Paralysis or Paraplegia / Epilepsy / Any other mental or psychiatric ailment.",
    "IsArthritisOrBoneDisorder": "Musculoskeletal disorders such as Arthritis / Recurrent Back Pain / muscular dystrophies/ musculoskeletal deformities/ Slipped disc or any other disorder of Spine, Joints, Limbs or Leprosy; / Disorders of Eye, Ear, Nose, Throat including defective sight / Disorder of speech or hearing and discharge from ears / Any other disorder.", 
    "IsHIV": "Were you or your spouse ever tested for Hepatitis B or C, HIV /AIDS or any other Sexually Transmitted Disease / Any other disorder.",
    "IsKidneyDisorder": "Hydrocele / fistula / piles / symptoms or ailment relating to Kidney / Kidney Stones/ Prostate, Urinary System or Reproductive System / Any other disorder",
    "IsOtherIllness": "Have you had/ are having any other illness or impairment not mentioned above?",
    "IsGoodHealth": "Are you presently in good health?",
    "IsHeartSurgery": "Have you ever been advised to undergo any surgery or treatment or laboratory investigations (stress ECG, echocardiogram, angiography, MRI/CT scan etc.) by any doctor or specialist?",
    "IsFamily60": "Has any of your family member (Parents and Siblings) ever been diagnosed with diabetes, Hypertension, Kidney Failure, Cancer, Heart Attack or any Hereditary Disorder before the age of 60?",
    "IsWeightChange": "Did you have any loss or Gain of weight of 10 kgs or more in the last six months?",
    "IsAnyDeclinedInsurance":"Has any of your insurance application or reinstatement application on life, accident, medical or health, critical illness, or disability ever been declined, postponed or accepted at extra premium or modified terms?"
  },
  "FemaleHealthQuestions": {
    "IsPregnant": "Are you now Pregnant? If Yes, kindly state expected delivery date dd/mm/yyyy",
    "IsGynInvest": "Have you undergone any gynaecological investigations for illness, internal checkups, breast checks suchas mammogram or biopsy?",
    "IsComplications": "Have you ever consulted a doctor because of an irregularity at the breast ,vagina, uterus, ovary, fallopian tubes, menstruation, complications during",
    "IsSufferingGynaecologicalPrblms": "Have you suffered from any other disorder of the breast or reproductive organs, abnormal smear test(s) and irregular menses?"
  },
  "IdentityProof": {
    "AC": "Aadhar card, UID",
    "DI": "Armed Force or Defense ID",
    "BP": "Bank passbook with photo",
    "DC": "Debit Card with Photo",
    "CL": "Declaration - Letter Head of Co. < 30 days",
    "CD": "Declaration from Bank",
    "DL": "Driving License",
    "ME": "Employee State Ins MEDl Card",
    "IC": "IRDA card",
    "OT": "Others",
    "PC": "PAN Card",
    "PP": "Passport",
    "PO": "PO Saving and PPF Account - with photo",
    "RC": "Ration Card with Photo",
    "SC": "School, college Certificate",
    "EI": "Valid Employee ID",
    "VI": "Voter ID Card"
  },
  "IncomeProof": {
    "BS": "Bank Statements with Salary Credits",
    "FA": "Form 16 A Current or last Assessment year",
    "FC": "Form 16 Current or last Assessment year",
    "FS": "Form 26 AS",
    "GC": "Government Contract Letter / Government Work Order",
    "IT": "Income Tax Return of Current,last Assessment year",
    "I2": "Income Tax Return with Business Accounts",
    "I1": "Income Tax Return with COI",
    "LA": "Latest Appointment, Contract Letter(Reputed Co.)",
    "EC": "Latest Employment Contract",
    "SR": "Latest salary revision letter",
    "PO": "Pension Order",
    "SC": "Salary certificate of Current financial year",
    "SS": "Salary Slip of Last three months"
  },
  "LifeStyleQuestions": {
    "IsArmedForces": "Are you employed in the Armed Forces, Paramilitary, Police Forces, Fire Brigade or any other similar occupation?",
    "IsOccupationHazardous": "Is your occupation associated with my speciific accident /health hazard or do you take part in activities or have hobbies that could be dangerous in any way (e.g. Chemical Factory, mines, explosives, radiation, corrosive chemicals,underwater/underground,aviation,other than as a fare paying passenger,diving , mountaineering, any form of racing etc..",
    "IsConviction": "Have you ever been convicted of any criminal proceedings under any court of law in India or abroad?",
    "IsOutsideIndiaVacc180days": "Do you intend to live or travel outside India for a period of more than 30 days apart from vacation or pleasure ? If Yes ,kindly submit Travel Questionnaire.",
    "IsAlcoholic": "Do you consume or have consumed Alcohol?",
    "IsNarcotic": "Do you consume or have consumed Narcotics?",
    "IsTobaccoConsumed": "Do you consume or have consumed Tobacco?"
  },
  "MaritalStatus": {
    "D": "Divorced",
    "M": "Married",
    "P": "Separated",
    "U": "Unmarried",
    "W": "Widow/ Widower"
    
  },
  "Nationality": {
    "FN": "Foreign National",
    "NRI": "Non Resident Indian",
    "OCI": "Overseas Citizen of Indian",
    "PIO": "Person of Indian Origin",
    "RI": "Resident Indian"
  },
  "Industry": {
  "2": "Manufacturing-Explosives/Arms/Hazardous materials",
  "3": "Retail",
  "5": "Mining",
  "6": "Other",
  "7": "Transport  / Automobile",
  "8": "Banking / Financial / Service / Insurance",
  "9": "Education",
  "10": "Entertainent/ Media",
  "11": "Food and Beverages",
  "12": "Healthcare / Pharmaceutical",
  "13": "Hospitality",
  "14": "Information Technology",
  "15": "Manufacturing - Chemical /  Petroleum",
  "16": "Manufacturing - FMCG",
  "17": "Manufacturing - Metal",
  "18": "Religion",
  "19": "Textile",
  "20": "Armed and Allied Forces",
  "21": "Aviation / Transport",
  "22": "Construction",
  "23": "Fisheries / Agriculture / Dairy/ Poultry",
  "24": "Manufacturing-Explosives/Arms/Hazardous materials",
  "25": "Manufacturing - Other",
  "26": "Marine/Cargo"
},
  "NomineeRel": {
    "40": "Father",
    "41": "Spouse",
    "43": "Mother",
    "42": "Daughter",
    "44": "Son",
    "45": "Grand Mother",
    "46": "Grand Father",
    "47": "Grand Son",
    "50": "MWP",
    "70": "Sister",
    "71":"Brother"
    
  },
  "OccupationClass": {
    "8": "Agriculturist/Farmer",
    "3": "Business Owner",
    "1": "Salaried",
    "2": "Self Employed",
    "6": "Student/Juvenile",
    "4": "Housewife",
    "5": "Retired",
    "7": "Others"    
  },
  "OccupationType": {
    "Government Establishment": "Government Establishment",
    "Partnership Firm": "Partnership Firm",
    "Professional Practice": "Professional Practice",
    "Proprietorship Firm": "Proprietorship Firm",
    "Public Limited": "Public Limited",
    "Private Limited": "Private Limited",
    "Others": "Others"
  },
  "State": {
    "1": "ANDHRA PRADESH",
    "2": "ARUNACHAL PRADESH",
    "3": "ASSAM",
    "4": "BIHAR",
    "5": "CHHATTISGARH",
    "6": "GOA",
    "7": "GUJARAT",
    "8": "HARYANA",
    "9": "HIMACHAL PRADESH",
    "10": "JAMMU AND KASHMIR",
    "11": "JHARKHAND",
    "12": "KARNATAKA",
    "13": "KERALA",
    "14": "MADHYA PRADESH",
    "15": "MAHARASHTRA",
    "16": "MANIPUR",
    "17": "MEGHALAYA",
    "18": "MIZORAM",
    "19": "NAGALAND",
    "20": "ORISSA",
    "21": "PUNJAB",
    "22": "RAJASTHAN",
    "23": "SIKKIM",
    "24": "TAMIL NADU",
    "25": "TRIPURA",
    "26": "UTTARANCHAL",
    "27": "WEST BENGAL",
    "28": "DELHI",
    "29": "UTTAR PRADESH",
    "30": "CHANDIGARH",
    "31": "ANDAMAN AND NICOBAR",
    "33": "PONDICHERRY",
    "34": "DADRA AND NAGAR HAVELI",
    "35": "LAKSHWADEEP",
    "36": "DAMAN AND DIU",
    "38": "TELANGANA"
  },
  "Title": {
    "Dr.": "Dr.",
    "Master.": "Master.",
    "Mr.": "Mr.",
    "Mrs": "Mrs",
    "Ms.": "Ms.",
    "Miss.": "Miss."
  },
  "IsArmedForcesHdr" : {
    "branch": "Branch",
    "rank": "Rank",
    "job": "Nature of Job"
  },
  "IsOccupationHazardousHdr" : {
    "occupation": "Occupation"
  },
  "IsOutsideIndiaVacc180daysHdr" :{
  	"seq" : "Sequence"
  },
  "IsTobaccoConsumedHdr" : {
    "TobaccoType": "Type",
    "Qty": "Quantity",
    "Frequency": "Frequency",
    "years": "Years"
  },
  "IsAlcoholicHdr" : {
    "AlcoholType": "Type",
    "Qty": "Quantity",
    "Frequency": "Frequency",
    "years": "Years"
  },
  "IsAnyDeclinedInsuranceHdr" : {
    "policyNumber": "Application No",
    "insurerName": "Insurer",
    "issueYear": "Issue Year",
    "sumAssured": "Sum Assured",
    "Reasons": "Reason"
  },
  "IsNarcoticHdr" : {
    "NarcoticType": "Type",
    "Qty": "Quantity",
    "Frequency": "Frequency",
    "years": "Years"
  },
  "AlcoholType": {
    "1": "Beer(Bottles/Can)",
    "2": "Wine(Glass)",
    "3": "Hard liquor(Pegs)",
    "4": "Country Liquor(Pegs)"
  },
  "TobaccoType": {
    "1": "Cigar",
    "2": "Cigarettes",
    "3": "Beedis",
    "4": "Gutka"
  },
  "NarcoticType" : {
  	"18": "Cocaine",
	"19": "Amphetamines",
  	"20": "Marijuana",
  	"21": "Barbiturates",
  	"22": "Other Stimulants"
  
  },
  "ConsFrequency" : {
  	"1": "Daily",
  	"2": "weekly",
  	"3": "social",
  	"4": "occasional"
  },
  "Mode": {
    "1": "Self  Monthly",
    "3": "Quarterly",
    "6": "Semi Annually",
    "12": "Annually"
  },
  "PaymentMethod": {
    "1": "Cheque",
    "2": "Digital/Online"
  },
  "HealthCode": {
    "C": "Cancer",
    "E": "Heart Problems",
    "H": "Hypertension",
    "O": "Ok/Good",
    "N": "Neourological",
    "U": "Other"
  },
  "DeathCause": {
    "N": "Normal",
    "ND": "Natural Death",
    "A": "Accidental",
    "U": "Other"
  },
  "FamilyInsuranceHdr" : {
    "Relationship": "RelationShip",
    "DOB": "Date of Birth",
    "Occupation": "Occupation",
    "Income": "Income",
    "TotalCover": "Total Insurance Cover"
 },
 "existingInsuranceHdr" : {
    "PolicyNo": "Policy Number",
    "Insurer": "Insurer Name",
    "sa": "Sum Assured",
    "Premium": "Premium"
 },
 "Month" : {
    "1": "January",
    "2": "February",
    "3": "March",
    "4": "April",
    "5": "May",
    "6": "June",
    "7": "July",
    "8": "August",
    "9": "September",
    "10": "October",
    "11": "November",
    "12": "December"
 },
  "InsurancePurpose": {
    "Protection": "Protection",
    "Saving": "Savings",
    "ChildEDU": "Child Education",
    "Retirement": "Retirement",
    "MARRIAGE": "Marriage",
    "LEGACY": "Legacy",
    "Other": "Others"
  }, 
  "SourceOfFund":{
    "S":	"Salary",
    "B":	"Business Income"
  },
  "RenewalPayMode":{
    "CC":	"Standing Instructions (Credit Card/Debit Card)",
    "CASH":	"Cash/Cheque/Online",
    "NACH":"NACH"
  },
  "payoutAccType":{
    "Saving":	"Saving",
    "Current":	"Current",
    "NRO":"NRO"
  },
  "Fund": {
  	"WLI"	:"Whole Life Income Fund",
	"WLF"	:"Whole Life Short Term Fixed Income Fund",
	"WLE"	:"Whole Life Mid Cap Equity Fund",
	"WLA"	:"Whole Life Aggressive Growth Fund",
	"WLS"	:"Whole Life Stable Growth Fund",
	"TLC"	:"Large Cap Equity Fund",
	"MCF"	:"Multi Cap Fund",
	"ICF"	:"India Consumption Fund",
	"TSS"	:"Super Select Equity Fund",
	"ITF"	:"Top 50 Fund",
	"ITT"	:"Top 200 fund"
  }
}