{
  "configVersion": 1,
  "index": "/index.html",
  "assetGroups": [
    {
      "name": "app",
      "installMode": "prefetch",
      "updateMode": "prefetch",
      "urls": [
        "/1.37b697088deb43fa00c6.js",
        "/10.edd9d6c28f5fe0ceb527.js",
        "/11.c472284d23b683256598.js",
        "/12.6353d91b3794bf9de889.js",
        "/13.0d40125ee5250924cc04.js",
        "/14.a2ac7be63aa19a880b62.js",
        "/15.be4aee09fe65702aa894.js",
        "/16.7341c721c87de3452077.js",
        "/17.4d53b3863e66236c4eaa.js",
        "/18.5b1165b069c537054690.js",
        "/19.1c84c80900490162f475.js",
        "/2.b2f4a7cd15f9f45ef4a3.js",
        "/20.62dfc331df394131fafc.js",
        "/21.b31eb5aca8f6b6694ee9.js",
        "/22.dce7d3a0088e912dfc4d.js",
        "/23.755182c55f8207b438d7.js",
        "/24.d04677952b4644e4ee61.js",
        "/25.210f76634a43bac7129c.js",
        "/25Years.33bf900598a694246a95.svg",
        "/25Years_Red.a1f1a5eedc8637133b11.svg",
        "/26.a4678446b302afd584b5.js",
        "/26_35.835472bcd7f108c38e9a.svg",
        "/26_35_Red.8f30c4d75b13a2932285.svg",
        "/27.a32f6fd52e668158cd20.js",
        "/28.730e39cf7dccd46c3928.js",
        "/29.e2f90d92ad274fa1cc84.js",
        "/30.9d40ee7dd8189e963162.js",
        "/31.d4a8e63b07a470eaee20.js",
        "/32.5dda1268ea5253e85182.js",
        "/33.a453eb4fc55a044730b5.js",
        "/34.653f0194aaf9833c6a68.js",
        "/35.802174aaa8ec0916746f.js",
        "/36.0956e350ba7a462834d2.js",
        "/36_45.04030894a59be732ca3b.svg",
        "/36_45_Red.43175817ec41e1b4ec6d.svg",
        "/37.106d3ba692f62d2538e4.js",
        "/38.165a7c47af3e109018f2.js",
        "/39.d98a73ecf1e77ac50c33.js",
        "/40.a23b716a59242e41d0bc.js",
        "/41.67aa4413ac2c03ad5ab1.js",
        "/42.46c25df08ec088308fb9.js",
        "/43.3675c397163cff92d57d.js",
        "/44.edf0b5fb069651770457.js",
        "/45.3b761c425c56c2cc742c.js",
        "/46.6975c661372a4d8eda68.js",
        "/46_55.707196369b47cc20f136.svg",
        "/46_55_Red.aa05c1446337eacbf658.svg",
        "/47.9cb2826562cbbbc8178f.js",
        "/48.d5264a1e886368c5f573.js",
        "/49.ec831720875d9dd566ca.js",
        "/50.1e3022ef15a06bc494b6.js",
        "/51.9a0182159d9d931de4df.js",
        "/52.5290340cd51ba33c45c6.js",
        "/53.18ca363aea62417fca76.js",
        "/54.32c43d4c34800a70ef5f.js",
        "/55.c6699c04d8779809d042.js",
        "/56.fe22342681809099843d.js",
        "/56Years.c38bd706460565bc598d.svg",
        "/56Years_Red.e81c9cba4a8b2b15bba7.svg",
        "/57.774ac7e9027347ae387a.js",
        "/58.90ad4eee6bb734c4619a.js",
        "/59.aea2c239dfcdaaff2848.js",
        "/60.a0e20f2950a19320d673.js",
        "/61.70dda1ee741ba5e6eb87.js",
        "/62.ea66afcbe958fda989c9.js",
        "/63.b5adcfa87bdf7a069ba0.js",
        "/64.068b0ebb82219a7a5cb6.js",
        "/65.819c7510bda14a11ea8d.js",
        "/66.f7112853770a013457ab.js",
        "/67.60c600b960a0ce9363f6.js",
        "/7.7ff7932f62582dd604f7.js",
        "/8.d62eb190e0d7498bbe60.js",
        "/9.4d237028819f142b1685.js",
        "/Bike.d661bcdc697624125469.svg",
        "/Car.27ce48135bdfa1ef0acd.svg",
        "/common.d7849e729e978248be75.js",
        "/Declined.0d488a2c78a400e1b04e.svg",
        "/Declined_R.17cfc95311e65e4b78ea.svg",
        "/favicon.ico",
        "/glyphicons-halflings-regular.448c34a56d699c29117a.woff2",
        "/glyphicons-halflings-regular.89889688147bd7575d63.svg",
        "/HighRisk.8cc04d8bc826bddcde82.svg",
        "/HighRisk_Select.82ce54111c85514e4cbf.svg",
        "/index.html",
        "/LivingWith_Parents.fc47e43df05ccf75190a.svg",
        "/LivingWith_Parents_Red.9b15ba23e9944cb5b626.svg",
        "/main.89cd1257ae6ec1d83b6c.js",
        "/Married_Without_Children.4c4842fdddd86287de02.svg",
        "/Married_Without_Children_Red.bdb10c4387cae7598602.svg",
        "/MediumRisk.ee8df424625a561ad802.svg",
        "/MediumRisk_Select.96cea0f1c9f1d14ea60d.svg",
        "/Nearing_Retirement.36fcb5e16773495631b9.svg",
        "/Nearing_Retirement_Red.94287a47c761ade733eb.svg",
        "/No.1950de7fe7b986bd71eb.svg",
        "/Not_Employed.e64eabd71c1e87b23551.svg",
        "/Not_Employed_Red.cb6ec078b548e2625f3f.svg",
        "/Other.6ae53849895bdf4b9be7.svg",
        "/Other_Red.7e84177587e2f1f390ef.svg",
        "/Own_House.633e3ebcdc8d308bddff.svg",
        "/Own_House_Red.057a0a50378a04e1b9f3.svg",
        "/Parent_With_Grown_Up.77f8f16a453aa7ea4984.svg",
        "/Parent_With_Grown_Up_Red.bc31f2314c0822bd6790.svg",
        "/Parent_With_Young_Child.5bfd2ac302e05e8bb195.svg",
        "/Parent_With_Young_Child_Red.d46251d15e8e4992ffc3.svg",
        "/Partnership.3e26ce3d2defbaa4ea16.svg",
        "/Partnership_red.0451631141608084101a.svg",
        "/polyfills.9b57c072f0d784986f4e.js",
        "/Private_Public.3b26418ef01bd2a3474c.svg",
        "/Private_Public_Red.8c8471d8766317714ede.svg",
        "/Prospect.878b6d2aa897bdbae6a5.svg",
        "/Prospect_R.3fecb4c77805ca123b1a.svg",
        "/qFdE35qfgYFjGy5hkEaCdg.999df002400ce679e4c9.woff2",
        "/qFdE35qfgYFjGy5hkEiCdubL.5816c62a54e5ef67a5d6.woff2",
        "/Rented.3f411b75d8af068f3db7.svg",
        "/Rented_Red.5057cf3d38cf177868af.svg",
        "/Renter_Lease.cf6026cfa0d3659596c9.svg",
        "/Retired.5801320bff92365e782a.svg",
        "/Retired_R.0f9716d42ebb3cb14797.svg",
        "/runtime.1227f9d7ed955a09e508.js",
        "/S6u9w4BMUTPHh50XSwiPGQ.f2de2c6ec69b0c11f1bc.woff2",
        "/S6u9w4BMUTPHh6UVSwiPGQ.7fbbfd1610770d594aef.woff2",
        "/S6u9w4BMUTPHh7USSwiPGQ.bbbd26aeee9c5b967e35.woff2",
        "/S6uyw4BMUTPHjx4wXg.f1a4a058fbba1e35a406.woff2",
        "/Salaried.8c1de22df196658991e2.svg",
        "/Salaried_Red.d02f2a62b4e6aae766a3.svg",
        "/scripts.e2cc764d74d6cb8d1c42.js",
        "/Self_Employed.9f0de64a312a05ecff71.svg",
        "/Self_Employed_Red.3a6b8fea2d944a59df0a.svg",
        "/Single_Working.2904fd2098db20b26ee6.svg",
        "/Single_Working_Red.6bb06cc9d66bdf44635f.svg",
        "/Sole_Proprietorship.6cfdc23d50218d59e9ad.svg",
        "/Sole_Proprietorship_Red.84b644ca5f1acb567ba4.svg",
        "/styles.1e838639f674c0c1db6b.css",
        "/Valuables.c3d2d364bc73f9a63d50.svg",
        "/WithPlan.195cfbadabfa8751ddc3.svg",
        "/WithPlan_R.58e80c8b40b526713545.svg"
      ],
      "patterns": []
    },
    {
      "name": "assets",
      "installMode": "lazy",
      "updateMode": "prefetch",
      "urls": [
        "/assets/css/checkbox.css",
        "/assets/icons/icon-128x128.png",
        "/assets/icons/icon-144x144.png",
        "/assets/icons/icon-152x152.png",
        "/assets/icons/icon-192x192.png",
        "/assets/icons/icon-384x384.png",
        "/assets/icons/icon-512x512.png",
        "/assets/icons/icon-72x72.png",
        "/assets/icons/icon-96x96.png",
        "/assets/images/1.png",
        "/assets/images/1st_slide_N.svg",
        "/assets/images/1st_slide_R.svg",
        "/assets/images/25Years_Red.svg",
        "/assets/images/26_35.svg",
        "/assets/images/2nd_slide_N.svg",
        "/assets/images/2nd_slide_R.svg",
        "/assets/images/36_45.svg",
        "/assets/images/3rd_slide_N.svg",
        "/assets/images/3rd_slide_R.svg",
        "/assets/images/46_55.svg",
        "/assets/images/4th_slide_N.svg",
        "/assets/images/4th_slide_R.svg",
        "/assets/images/56Years.svg",
        "/assets/images/abslibanner.jpg",
        "/assets/images/Add New Customer.png",
        "/assets/images/AddNewCustomer.png",
        "/assets/images/AddNew_IC.png",
        "/assets/images/Add_New_Customers_ICON.png",
        "/assets/images/Applicationicon.png",
        "/assets/images/application_logo.png",
        "/assets/images/application_no2.png",
        "/assets/images/arrow-left.png",
        "/assets/images/arrow-right-circle.png",
        "/assets/images/arrow-right.png",
        "/assets/images/banner.png",
        "/assets/images/bg.png",
        "/assets/images/birlalogo.png",
        "/assets/images/birlalogo1.jpg",
        "/assets/images/blank_logo.png",
        "/assets/images/blnk.png",
        "/assets/images/blue.png",
        "/assets/images/border.png",
        "/assets/images/calendar-icon.svg",
        "/assets/images/car-insurance-active.png",
        "/assets/images/car-insurance.png",
        "/assets/images/Car_Insurance_ICON_cross.svg",
        "/assets/images/Car_Insurance_ICON_og.svg",
        "/assets/images/chair.jpg",
        "/assets/images/checkboxGR_N.png",
        "/assets/images/checkboxGR_R.png",
        "/assets/images/checkboxW_R.png",
        "/assets/images/checkmark.png",
        "/assets/images/Child_Education_ICON.svg",
        "/assets/images/Child_Education_ICON_og.svg",
        "/assets/images/consider.svg",
        "/assets/images/consultation.png",
        "/assets/images/ConsultationsWithBadge.png",
        "/assets/images/contact.png",
        "/assets/images/Critical_illness_ICON.svg",
        "/assets/images/Critical_illness_ICON_og.svg",
        "/assets/images/Cross Mark ICON.png",
        "/assets/images/CrossMarkICON.svg",
        "/assets/images/cSignOut.png",
        "/assets/images/customers.png",
        "/assets/images/CustomersWithBadge.png",
        "/assets/images/decline.png",
        "/assets/images/Declined.svg",
        "/assets/images/DeclinedWithBadge.png",
        "/assets/images/Declined_R.svg",
        "/assets/images/dhfl_img.png",
        "/assets/images/Edit Add New 2.png",
        "/assets/images/Edit View ICON.png",
        "/assets/images/editadd.png",
        "/assets/images/editView.png",
        "/assets/images/EditViewICON.svg",
        "/assets/images/Enquire2_ICON.png",
        "/assets/images/Exclamation Mark ICON.png",
        "/assets/images/ExclamationMarkICON.svg",
        "/assets/images/facebook.png",
        "/assets/images/faviconwc1.png",
        "/assets/images/Female.svg",
        "/assets/images/FemaleICON.png",
        "/assets/images/Female_ICON.png",
        "/assets/images/Female_N.svg",
        "/assets/images/Female_R.svg",
        "/assets/images/four.png",
        "/assets/images/gplus.png",
        "/assets/images/graph.jpg",
        "/assets/images/green.png",
        "/assets/images/grey.png",
        "/assets/images/hat.jpg",
        "/assets/images/health-insurance-active.png",
        "/assets/images/health-insurance.png",
        "/assets/images/Health_Hospi_ICON.svg",
        "/assets/images/Health_Hospi_ICON_cross.svg",
        "/assets/images/heart.jpg",
        "/assets/images/Home Page Option 1.png",
        "/assets/images/home.png",
        "/assets/images/HomeICON.png",
        "/assets/images/homeinsurance.jpg",
        "/assets/images/homepagebanner.png",
        "/assets/images/home_active.png",
        "/assets/images/Home_ICON.png",
        "/assets/images/Home_Insurance_ICON.svg",
        "/assets/images/Home_Insurance_ICON_og.svg",
        "/assets/images/i109.png",
        "/assets/images/ICONGreen.png",
        "/assets/images/ICONGrey.png",
        "/assets/images/ICONYellow.png",
        "/assets/images/ICONYellow.svg",
        "/assets/images/important.svg",
        "/assets/images/important_new.png",
        "/assets/images/info.png",
        "/assets/images/infoicon.png",
        "/assets/images/ins-plus.png",
        "/assets/images/life.png",
        "/assets/images/life_active.png",
        "/assets/images/line.svg",
        "/assets/images/line02.svg",
        "/assets/images/loading.gif",
        "/assets/images/Loading_icon.gif",
        "/assets/images/lock.png",
        "/assets/images/logo_selectassure.png",
        "/assets/images/mail.png",
        "/assets/images/Male.svg",
        "/assets/images/MaleICON.png",
        "/assets/images/Male_ICON.png",
        "/assets/images/Male_N.svg",
        "/assets/images/Male_R.svg",
        "/assets/images/ManageUser.png",
        "/assets/images/mark.png",
        "/assets/images/Married_Without_Children.svg",
        "/assets/images/menu-btn.png",
        "/assets/images/menu2b.png",
        "/assets/images/menu_ic_01.png",
        "/assets/images/menu_ic_02.png",
        "/assets/images/menu_ic_03.png",
        "/assets/images/musthave.svg",
        "/assets/images/My Customers Icon.png",
        "/assets/images/MyCustomerICON.png",
        "/assets/images/myCustomer_ic.png",
        "/assets/images/My_activities.png",
        "/assets/images/My_activities1.png",
        "/assets/images/Nearing_Retirement.svg",
        "/assets/images/next.png",
        "/assets/images/No.svg",
        "/assets/images/notneeded.svg",
        "/assets/images/Not_Employed.svg",
        "/assets/images/ompicon10.jpg",
        "/assets/images/one.png",
        "/assets/images/OneMinutePlan ICON.png",
        "/assets/images/oneMinuteplan.png",
        "/assets/images/OneMinutePlanICON.svg",
        "/assets/images/option-btn-active.png",
        "/assets/images/option-btn.png",
        "/assets/images/Other.svg",
        "/assets/images/Parent_With_Grown_Up.svg",
        "/assets/images/Parent_With_Young_Child.svg",
        "/assets/images/Partnership.svg",
        "/assets/images/phone.png",
        "/assets/images/pig.jpg",
        "/assets/images/plus.jpg",
        "/assets/images/PNBhomepagebanner.png",
        "/assets/images/PNBSelectAssure2.png",
        "/assets/images/PNB_SelectAssure2.png",
        "/assets/images/previous.png",
        "/assets/images/Private_Public.svg",
        "/assets/images/Prospect.svg",
        "/assets/images/Prospect_R.svg",
        "/assets/images/Protection_ICON.svg",
        "/assets/images/Protection_ICON_cross.svg",
        "/assets/images/red-cross.png",
        "/assets/images/Regular_Income_ICON.svg",
        "/assets/images/Regular_Income_ICON_cross.svg",
        "/assets/images/renewal.png",
        "/assets/images/Salaried.svg",
        "/assets/images/SaveICON.png",
        "/assets/images/Savings Traditional_ICON.svg",
        "/assets/images/Savings Traditional_ICON_cross.svg",
        "/assets/images/savings.png",
        "/assets/images/savings_active.png",
        "/assets/images/Saving_Unit_Linked_ICON.svg",
        "/assets/images/Saving_Unit_Linked_ICON_og.svg",
        "/assets/images/search.png",
        "/assets/images/search_menu.png",
        "/assets/images/SelectAssure.png",
        "/assets/images/SelectAssure2 copy.png",
        "/assets/images/SelectAssure2.png",
        "/assets/images/SelectAssure21.png",
        "/assets/images/SelectAssure_New.png",
        "/assets/images/SelectAssure_New_pnb.png",
        "/assets/images/selectAssure_svg/25Years.svg",
        "/assets/images/selectAssure_svg/25Years_Red.svg",
        "/assets/images/selectAssure_svg/26_35.svg",
        "/assets/images/selectAssure_svg/26_35_Red.svg",
        "/assets/images/selectAssure_svg/36_45.svg",
        "/assets/images/selectAssure_svg/36_45_Red.svg",
        "/assets/images/selectAssure_svg/46_55.svg",
        "/assets/images/selectAssure_svg/46_55_Red.svg",
        "/assets/images/selectAssure_svg/56Years.svg",
        "/assets/images/selectAssure_svg/56Years_Red.svg",
        "/assets/images/selectAssure_svg/Bike.svg",
        "/assets/images/selectAssure_svg/Bike_red.svg",
        "/assets/images/selectAssure_svg/Car.svg",
        "/assets/images/selectAssure_svg/Car_red.svg",
        "/assets/images/selectAssure_svg/Declined.svg",
        "/assets/images/selectAssure_svg/GoExistingPlan.svg",
        "/assets/images/selectAssure_svg/goto.png",
        "/assets/images/selectAssure_svg/HighRisk.svg",
        "/assets/images/selectAssure_svg/HighRisk_Select.svg",
        "/assets/images/selectAssure_svg/LivingWith_Parents.svg",
        "/assets/images/selectAssure_svg/LivingWith_Parents_Red.svg",
        "/assets/images/selectAssure_svg/LowRisk.svg",
        "/assets/images/selectAssure_svg/LowRisk_Select.svg",
        "/assets/images/selectAssure_svg/Married_Without_Children.svg",
        "/assets/images/selectAssure_svg/Married_Without_Children_Red.svg",
        "/assets/images/selectAssure_svg/MediumRisk.svg",
        "/assets/images/selectAssure_svg/MediumRisk_Select.svg",
        "/assets/images/selectAssure_svg/Nearing_Retirement.svg",
        "/assets/images/selectAssure_svg/Nearing_Retirement_Red.svg",
        "/assets/images/selectAssure_svg/Next.svg",
        "/assets/images/selectAssure_svg/Not_Employed.svg",
        "/assets/images/selectAssure_svg/Not_Employed_Red.svg",
        "/assets/images/selectAssure_svg/Other.svg",
        "/assets/images/selectAssure_svg/Other_Red.svg",
        "/assets/images/selectAssure_svg/Own_House.svg",
        "/assets/images/selectAssure_svg/Own_House_Red.svg",
        "/assets/images/selectAssure_svg/Parent_With_Grown_Up.svg",
        "/assets/images/selectAssure_svg/Parent_With_Grown_Up_Red.svg",
        "/assets/images/selectAssure_svg/Parent_With_Young_Child.svg",
        "/assets/images/selectAssure_svg/Parent_With_Young_Child_Red.svg",
        "/assets/images/selectAssure_svg/Partnership.svg",
        "/assets/images/selectAssure_svg/Partnership_red.svg",
        "/assets/images/selectAssure_svg/Previous.svg",
        "/assets/images/selectAssure_svg/Private_Public.svg",
        "/assets/images/selectAssure_svg/Private_Public_Red.svg",
        "/assets/images/selectAssure_svg/Rented.svg",
        "/assets/images/selectAssure_svg/Rented_Red.svg",
        "/assets/images/selectAssure_svg/Renter_Lease.svg",
        "/assets/images/selectAssure_svg/Renter_Lease_Red.svg",
        "/assets/images/selectAssure_svg/Retired.svg",
        "/assets/images/selectAssure_svg/Retired_R.svg",
        "/assets/images/selectAssure_svg/Retired_red.svg",
        "/assets/images/selectAssure_svg/Salaried.svg",
        "/assets/images/selectAssure_svg/Salaried_Red.svg",
        "/assets/images/selectAssure_svg/Self_Employed.svg",
        "/assets/images/selectAssure_svg/Self_Employed_Red.svg",
        "/assets/images/selectAssure_svg/Single_Working.svg",
        "/assets/images/selectAssure_svg/Single_Working_Red.svg",
        "/assets/images/selectAssure_svg/Sole_Proprietorship.svg",
        "/assets/images/selectAssure_svg/Sole_Proprietorship_Red.svg",
        "/assets/images/selectAssure_svg/start.png",
        "/assets/images/selectAssure_svg/Start.svg",
        "/assets/images/selectAssure_svg/Valuables.svg",
        "/assets/images/selectAssure_svg/Valuables_Red.svg",
        "/assets/images/Self_Employed.svg",
        "/assets/images/SignIn.png",
        "/assets/images/SignInICON.png",
        "/assets/images/SignOut.png",
        "/assets/images/SignOutICON.png",
        "/assets/images/SignOutICON_black.png",
        "/assets/images/Sign_in_ICON.png",
        "/assets/images/Sign_Out_ICON.png",
        "/assets/images/Singapore-Skyline.jpg",
        "/assets/images/Singapore.jpg",
        "/assets/images/singin.png",
        "/assets/images/Single_Working.svg",
        "/assets/images/skip.png",
        "/assets/images/skip11.png",
        "/assets/images/SOI-minus.png",
        "/assets/images/SOI-plus.png",
        "/assets/images/Sole_Proprietorship.svg",
        "/assets/images/three.png",
        "/assets/images/Tick Mark ICON.png",
        "/assets/images/tickMark.png",
        "/assets/images/TickMarkICON.svg",
        "/assets/images/TickMark_NotSelected.svg",
        "/assets/images/TickMark_Selected.svg",
        "/assets/images/TickMark_Selected_01.svg",
        "/assets/images/TickMark_Selected_left.svg",
        "/assets/images/TickMark_Selected_right.svg",
        "/assets/images/travel-insurance-active.png",
        "/assets/images/travel-insurance.png",
        "/assets/images/travel-insurance.svg",
        "/assets/images/twitter.png",
        "/assets/images/two.png",
        "/assets/images/umbrella.jpg",
        "/assets/images/View All ICON.png",
        "/assets/images/ViewAll.svg",
        "/assets/images/ViewAllICON.svg",
        "/assets/images/ViewAll_R.svg",
        "/assets/images/viewmore.png",
        "/assets/images/WithPlan.sketch",
        "/assets/images/WithPlan.svg",
        "/assets/images/WithPlan_R.svg",
        "/assets/images/xAddNewCustomer.png",
        "/assets/images/xsearch.png",
        "/assets/images/yellow.png",
        "/assets/images/Yes.svg",
        "/assets/js/qFdE35qfgYFjGy5hkEaCdg.woff2",
        "/assets/js/qFdE35qfgYFjGy5hkEiCdubL.woff2",
        "/assets/js/qFdE35qfgYFjGy5hkEmCdubL.woff2",
        "/assets/js/S6u9w4BMUTPHh50XSwaPGR_p.woff2",
        "/assets/js/S6u9w4BMUTPHh50XSwiPGQ.woff2",
        "/assets/js/S6u9w4BMUTPHh6UVSwaPGR_p.woff2",
        "/assets/js/S6u9w4BMUTPHh6UVSwiPGQ.woff2",
        "/assets/js/S6u9w4BMUTPHh7USSwaPGR_p.woff2",
        "/assets/js/S6u9w4BMUTPHh7USSwiPGQ.woff2",
        "/assets/js/S6uyw4BMUTPHjx4wXg.woff2",
        "/assets/js/S6uyw4BMUTPHjxAwXjeu.woff2",
        "/assets/resource/102.json",
        "/assets/resource/109.json",
        "/assets/resource/109_latest.json",
        "/assets/resource/110.json",
        "/assets/resource/110designation.json",
        "/assets/resource/110KYCMaster.json",
        "/assets/resource/110now.json",
        "/assets/resource/122.json",
        "/assets/resource/chooseCovers.json",
        "/assets/resource/country_codes.json",
        "/assets/resource/covers.json",
        "/assets/resource/cusomerList.json",
        "/assets/resource/full_country_data.json",
        "/assets/resource/myActivitiesSamp.json",
        "/assets/resource/oneminuteplan.json",
        "/assets/resource/policyDetails.json",
        "/assets/resource/productList.json",
        "/assets/resource/regularIncome.json"
      ],
      "patterns": []
    }
  ],
  "dataGroups": [],
  "hashTable": {
    "/1.37b697088deb43fa00c6.js": "0e0bf860a8f510f3e890b2a3bcdefe101461cc56",
    "/assets/css/checkbox.css": "d94ccdb81cfdada0547f75c10889bd82981409a0",
    "/10.edd9d6c28f5fe0ceb527.js": "20d808572f90b3f6f5a85d2db52de180b9a002d2",
    "/assets/icons/icon-128x128.png": "dae3b6ed49bdaf4327b92531d4b5b4a5d30c7532",
    "/11.c472284d23b683256598.js": "d47ea8d5bbb3accc3187c416de0fa46eb4fe5974",
    "/assets/icons/icon-144x144.png": "b0bd89982e08f9bd2b642928f5391915b74799a7",
    "/12.6353d91b3794bf9de889.js": "44975b8d49e1f8f4eabe5f236a8c0c66863c47a6",
    "/assets/icons/icon-152x152.png": "7479a9477815dfd9668d60f8b3b2fba709b91310",
    "/13.0d40125ee5250924cc04.js": "f262a907b4aafae7c6ac251c59744ef81a46ecfc",
    "/assets/icons/icon-192x192.png": "1abd80d431a237a853ce38147d8c63752f10933b",
    "/14.a2ac7be63aa19a880b62.js": "fa5d39f60f66f893b4a111424f434a9534175980",
    "/assets/icons/icon-384x384.png": "329749cd6393768d3131ed6304c136b1ca05f2fd",
    "/15.be4aee09fe65702aa894.js": "e9f3cc19fa6fd2ebced87fbbd9f657f2b4fd191a",
    "/assets/icons/icon-512x512.png": "559d9c4318b45a1f2b10596bbb4c960fe521dbcc",
    "/16.7341c721c87de3452077.js": "5b703ec7f652471b6a8655a39a856c8c91fc45b9",
    "/assets/icons/icon-72x72.png": "c457e56089a36952cd67156f9996bc4ce54a5ed9",
    "/17.4d53b3863e66236c4eaa.js": "066e3cfc55cf2ea17fc957885f5ec319598ce973",
    "/assets/icons/icon-96x96.png": "3914125a4b445bf111c5627875fc190f560daa41",
    "/18.5b1165b069c537054690.js": "9e38a3f081dcaaf4683e2995245b73c8cac4cda8",
    "/assets/images/1.png": "c7a34085d48c8cb4a0293d4e5ce9db0d414c8ba8",
    "/19.1c84c80900490162f475.js": "4c7d8507c9c94a5c69463fa83d870ad341d6298c",
    "/assets/images/1st_slide_N.svg": "ba4fc7e83a3da7df39b05c9cae8997d5625b082d",
    "/2.b2f4a7cd15f9f45ef4a3.js": "6e879b01a3bcbdf0a760dbe6550c4bca32921760",
    "/assets/images/1st_slide_R.svg": "41613f368fe17854aa03941ff2134d40be1d1d5a",
    "/20.62dfc331df394131fafc.js": "7d3df57341984249354fb979cc694b8b0d2d16db",
    "/assets/images/25Years_Red.svg": "877216212493d3f64353e2a81f0c4acd4092f342",
    "/21.b31eb5aca8f6b6694ee9.js": "85d9bf82a3acaa7e640f77748748814cf723e5c2",
    "/assets/images/26_35.svg": "9f38f10de5f155c341f24a1dc71a8bc7f3af3bb5",
    "/22.dce7d3a0088e912dfc4d.js": "fed61e3c4ae193877ab27b8c4d7fea373408195f",
    "/assets/images/2nd_slide_N.svg": "c20a53eb48099eb1443f623f41b78fbe8a701e5c",
    "/23.755182c55f8207b438d7.js": "784aafe75cce82a3d4c0c6ef90361e752bf7d102",
    "/assets/images/2nd_slide_R.svg": "632331539b694343ca8418f437abf60a31c8822b",
    "/24.d04677952b4644e4ee61.js": "80be563d74556c972126df1ae6ce7557055347fa",
    "/assets/images/36_45.svg": "ab8e1313a795259ae82000f23225372b4d0d3b2f",
    "/25.210f76634a43bac7129c.js": "5bc0a0c258daf568b15248ff354500e2532b798e",
    "/assets/images/3rd_slide_N.svg": "43ad4383eb6b9543263462164f19a47268582979",
    "/25Years.33bf900598a694246a95.svg": "7975ff02aac0bf2929bbd49ba2ef984305a379ee",
    "/assets/images/3rd_slide_R.svg": "c3121e2942cae3034f5e7adc844606ef6a0a39a8",
    "/25Years_Red.a1f1a5eedc8637133b11.svg": "5fa8b946e561944d1daa3f26aa61030839b619ad",
    "/assets/images/46_55.svg": "075853dd9d2899f99757dc6268641f85dccb140e",
    "/26.a4678446b302afd584b5.js": "c2b132652928d5cbba96995fec0632db11807792",
    "/assets/images/4th_slide_N.svg": "080e29df339ea1a1f7df85b4936585bbd53d8114",
    "/26_35.835472bcd7f108c38e9a.svg": "60d18d8923fc1946316309b2794c4931be7d35c6",
    "/assets/images/4th_slide_R.svg": "5df6c9f65241d9e0da8e7a9a0c8085a4d4b1c3d1",
    "/26_35_Red.8f30c4d75b13a2932285.svg": "9d0881d2156162674db1a842de2037775e460795",
    "/assets/images/56Years.svg": "d13ccf0adf586193962d42266081d496c783eb60",
    "/27.a32f6fd52e668158cd20.js": "56a17b69d4b4a7960b4d2f74137f3b069957c2c3",
    "/assets/images/abslibanner.jpg": "d8f345aba32f0f189707bdc36937333e32ac449f",
    "/28.730e39cf7dccd46c3928.js": "bedfff61d18b93ee4a76fbaad3a6fdc4de428a7d",
    "/assets/images/Add New Customer.png": "ed719aa4b49b67c897175a4d47207714ede5a6bf",
    "/29.e2f90d92ad274fa1cc84.js": "1efe3fc52d29ce631e8241a40814919c9cb58b0b",
    "/assets/images/AddNewCustomer.png": "08fadddd43b29001b10b37e57eae34a04c5be63d",
    "/30.9d40ee7dd8189e963162.js": "af93fe5258f23443570074349a2e0c2cc5bb40fb",
    "/assets/images/AddNew_IC.png": "11e1ea6a450f4f95da8e38f86e888919730f53b6",
    "/31.d4a8e63b07a470eaee20.js": "5cab9fb10ad6be7488417eb8060f08a0ef72a4d9",
    "/assets/images/Add_New_Customers_ICON.png": "82f6ba57fda6a8484b5f90310250d5114fdbe981",
    "/32.5dda1268ea5253e85182.js": "c8834fb38acddd9bd4d5e849aa83d95bc93b7d64",
    "/assets/images/Applicationicon.png": "e074ad2f432f603f6b170c0b19ae1cd5013d58b3",
    "/33.a453eb4fc55a044730b5.js": "846ab7df68c81a37fbba31d3fc1d7b40531032ad",
    "/assets/images/application_logo.png": "a57e3fd885ef525bbceae651705ca31f5eb66c7e",
    "/34.653f0194aaf9833c6a68.js": "1ee13fe1f77a29974c21ecbd17d55ddb759894bb",
    "/assets/images/application_no2.png": "1b189a0561496fb191e83052b6a98d814a426768",
    "/35.802174aaa8ec0916746f.js": "eafb39dd6220ace244c645876e3a5804f05b573e",
    "/assets/images/arrow-left.png": "21eca67df289af938ca5c453f05ad8dd67b0e56a",
    "/36.0956e350ba7a462834d2.js": "2384f32a0f67c8cc68137509f6350fcf386d7d6b",
    "/assets/images/arrow-right-circle.png": "1e5cdf44dbc9df46bf9ca9f494dc06d7a1cc9083",
    "/36_45.04030894a59be732ca3b.svg": "91dbc51cac9e1a7ce938446d3f2cc25b9403f0da",
    "/assets/images/arrow-right.png": "009769a84b1c7791fc6f1c90c38d1824bb6d3259",
    "/36_45_Red.43175817ec41e1b4ec6d.svg": "0b893d9f359edf629db29904a2d3dcb41e25ad32",
    "/assets/images/banner.png": "154c8137af0320a2bb33cebc22c915cf55882df0",
    "/37.106d3ba692f62d2538e4.js": "7d3a9476d4e16fc9dee5eea4c6450ecab1dc75c2",
    "/assets/images/bg.png": "78cc3fabbf9c8252b13ff0cd92e6f7b9bd30bb35",
    "/38.165a7c47af3e109018f2.js": "e908f775141c9cab0ceba725a9e40529cc2ec0b8",
    "/assets/images/birlalogo.png": "5fa849425621756c1ee9312a202779f7584b23e2",
    "/39.d98a73ecf1e77ac50c33.js": "2fe1fdea4d107a8136ae084b8d2aaee5c946f302",
    "/assets/images/birlalogo1.jpg": "30904534f2a2c065198e4e3579e1fe111420663f",
    "/40.a23b716a59242e41d0bc.js": "1ad827f81df71d76516d7104ffd90fab5c8000f3",
    "/assets/images/blank_logo.png": "fa0fdb8d8b625409a9cae1c4401264c7c65a9b4c",
    "/41.67aa4413ac2c03ad5ab1.js": "5fc67b379b228390d4d665e8d99c8fa5e918cc3a",
    "/assets/images/blnk.png": "c88cae3f13e6683a7ca4aa2c2e721ac81cc7caa9",
    "/42.46c25df08ec088308fb9.js": "14a8d7508d42d1a2d79176f8ef1fa333bbf2629d",
    "/assets/images/blue.png": "c841e4c4f21a3ac8393a836e538b70d05e5465c0",
    "/43.3675c397163cff92d57d.js": "43e7467d1b852910539cd6159d0761af78a386e0",
    "/assets/images/border.png": "6ceaae200dc31b375c497ea406285eabc5eae861",
    "/44.edf0b5fb069651770457.js": "8ed6cdf47c2f7b3089624ecd20ff6ff45ecc06fd",
    "/assets/images/calendar-icon.svg": "37e2d374bcc4564de218355aee817dcc110af968",
    "/45.3b761c425c56c2cc742c.js": "83b5a0e4e1fde4c1299aa6714fa5230a2e21ff88",
    "/assets/images/car-insurance-active.png": "e412cc3d537c997b4f150ef5fc0d3498de52758b",
    "/46.6975c661372a4d8eda68.js": "673a39f4f1b08f882765f7f6b54bb75cbaa7680e",
    "/assets/images/car-insurance.png": "e0529ce2a89ca21ec6bf04188789db45a5da63c3",
    "/46_55.707196369b47cc20f136.svg": "ec1678a288e7bd168b35c5496b3790449272dc8a",
    "/assets/images/Car_Insurance_ICON_cross.svg": "afd9a8e65926fb7dd3f5e51af7fa7ac1d9130cfc",
    "/46_55_Red.aa05c1446337eacbf658.svg": "c3aef8d1eb50e5ce82823a2c4b252630a6ca3549",
    "/assets/images/Car_Insurance_ICON_og.svg": "34287f83a9080a70f7550c78144f11315f3a4001",
    "/47.9cb2826562cbbbc8178f.js": "41674fdf3bac2e3ce2dcbe3479b8abd97d3aefb7",
    "/assets/images/chair.jpg": "dd7aa0bc7b5d63d7eaa5272181a8cb1998eec691",
    "/48.d5264a1e886368c5f573.js": "ec30f5812ce526153641833006806842de05ca75",
    "/assets/images/checkboxGR_N.png": "246895720228e15dc623c170bbbc1f7098b8b786",
    "/49.ec831720875d9dd566ca.js": "f21bb258d4a32fb2ec8ae60ff857a6b477ba8a62",
    "/assets/images/checkboxGR_R.png": "2b8fe8f160d74e7197eb350aa4f2c0d70f8ab52d",
    "/50.1e3022ef15a06bc494b6.js": "4eed3792ec17fb4686ad567e36a7464fb93a810d",
    "/assets/images/checkboxW_R.png": "8237bb262c52c585150387b1b68ad5644db9c74b",
    "/51.9a0182159d9d931de4df.js": "920ae7efd2757b70dc358f958d4cfb41a6125b1d",
    "/assets/images/checkmark.png": "78faa858bc5ef3f1a8cc0110a35b741ec87f10b3",
    "/52.5290340cd51ba33c45c6.js": "58af9f3935b9aea4472dd5a55ed61fc3e84374cc",
    "/assets/images/Child_Education_ICON.svg": "7b610ee7b8643fe4cf218614bb82bba9c79931b9",
    "/53.18ca363aea62417fca76.js": "bd9a7dde494a1a8dfd2dc5a239ec3f11386e2ab1",
    "/assets/images/Child_Education_ICON_og.svg": "deaa922228f8f93d7dc9ca4f766fcab5f7a35cac",
    "/54.32c43d4c34800a70ef5f.js": "ee3effb1395def96044024fc525e8d7872b7b5c0",
    "/assets/images/consider.svg": "0adb392cc9cc60fe268ab09c0740b4f08ac4fd33",
    "/55.c6699c04d8779809d042.js": "d7d94e67419db3a7f630ae51cb4b5200bd2e8e97",
    "/assets/images/consultation.png": "ee62aa4d03f30008a563e96dee1ff144de220245",
    "/56.fe22342681809099843d.js": "7728f270b69b48ba199546733f9a0f2161cb13d5",
    "/assets/images/ConsultationsWithBadge.png": "48bf1c9c6731a91d15dea16721f3829eade56d11",
    "/56Years.c38bd706460565bc598d.svg": "d32716d2b06d25ace298030b4d4f20c1d4fb6559",
    "/assets/images/contact.png": "42f224942f5636ec50030666c23b4df2cfe70be4",
    "/56Years_Red.e81c9cba4a8b2b15bba7.svg": "f89624e9648001feaa2662f4f674a851a79f8700",
    "/assets/images/Critical_illness_ICON.svg": "23f4911359c4c7c5d2eb8988c984106d62c9cfd5",
    "/57.774ac7e9027347ae387a.js": "01b45e5d5df36e13fd5906871efd0b275543b25a",
    "/assets/images/Critical_illness_ICON_og.svg": "3e55d837b79b010b3e48c9395efe5816513166fd",
    "/58.90ad4eee6bb734c4619a.js": "a8df4c4b29e1738bd7dfb06f517d9a2aef33aca3",
    "/assets/images/Cross Mark ICON.png": "c7a34085d48c8cb4a0293d4e5ce9db0d414c8ba8",
    "/59.aea2c239dfcdaaff2848.js": "0eec0eda85ca219b02c50ad7897fdc5d59a86183",
    "/assets/images/CrossMarkICON.svg": "27584f57bdfa8c5ac5754fca2fad3e504e2a0f46",
    "/60.a0e20f2950a19320d673.js": "3adf34c183f97ee25acd16ea937b2c037f09789a",
    "/assets/images/cSignOut.png": "700376a16210160d0feff67df1dbfc88dbee9e7d",
    "/61.70dda1ee741ba5e6eb87.js": "d478adb0fea3d51637b25da1442a34a6bec68d24",
    "/assets/images/customers.png": "6e4348aa3321063da15e83fdbcd5685303a7979f",
    "/62.ea66afcbe958fda989c9.js": "5261b130dcaf786a512c5314d5c08cf968e3a681",
    "/assets/images/CustomersWithBadge.png": "28bc01d0bddf948579e74768bb144c6746df02b3",
    "/63.b5adcfa87bdf7a069ba0.js": "e2bb4af3f049f02ccd11a9937d61dcc9cfbe71ef",
    "/assets/images/decline.png": "34b86aaf32a8bcab30ee1e00467dec89827785f3",
    "/64.068b0ebb82219a7a5cb6.js": "4a7bced18c35485a1486ad34f06b44697586b0d0",
    "/assets/images/Declined.svg": "6fcb9844fdde5418db4795a1ca74a550553b3782",
    "/65.819c7510bda14a11ea8d.js": "db3655fff3f56c81d7db45e122a25f5b2a1dfe0d",
    "/assets/images/DeclinedWithBadge.png": "6912ca15612bdaa195e6ed3e028a97aae4f77872",
    "/66.f7112853770a013457ab.js": "5fa409bad144edf4b92b06b67de6bc348f97642b",
    "/assets/images/Declined_R.svg": "850a87549de25fad1e9897f36bde1175327131d8",
    "/67.60c600b960a0ce9363f6.js": "3282ee0d5d7d39f1eba5a8164ed854a451a7eb57",
    "/assets/images/dhfl_img.png": "f3af6dae842df0d8e9dbed7e059a241d8823d79f",
    "/7.7ff7932f62582dd604f7.js": "a887ed7d30356e3003dfa6f8d765fd2cc65da153",
    "/assets/images/Edit Add New 2.png": "5a570dc2cf3472f96dd10a60d59663ff1eb2ed38",
    "/8.d62eb190e0d7498bbe60.js": "066ec2de7dc14d018cfc266655d02099b3d3ce50",
    "/assets/images/Edit View ICON.png": "02881ca51b2487d5029162ba73de7313fbf9da6d",
    "/9.4d237028819f142b1685.js": "444d46a4a39af6cb5d18ec655ae974756aa53bd7",
    "/assets/images/editadd.png": "2e2a879291a6c5a3c4f9c17cc79b932fc639769a",
    "/Bike.d661bcdc697624125469.svg": "37f36bdd716032ba1c32256ce9e7d8dba7054074",
    "/assets/images/editView.png": "32ba275846d34e783bf9e8131ee2384f3f8f5d76",
    "/Car.27ce48135bdfa1ef0acd.svg": "261154b75694e972fc4e835175c95a1674a512c0",
    "/assets/images/EditViewICON.svg": "ad0c388079e49ce41401df17f97bf32ab18480b7",
    "/common.d7849e729e978248be75.js": "6ed93b6289b02d4028c5bf3c79032214325dd0e4",
    "/assets/images/Enquire2_ICON.png": "b765651731ce37cab13aba2842ee28cb975e3b94",
    "/Declined.0d488a2c78a400e1b04e.svg": "6fcb9844fdde5418db4795a1ca74a550553b3782",
    "/assets/images/Exclamation Mark ICON.png": "f259e944a7496cfacb5ec1be274f92eb911bcb17",
    "/Declined_R.17cfc95311e65e4b78ea.svg": "850a87549de25fad1e9897f36bde1175327131d8",
    "/assets/images/ExclamationMarkICON.svg": "cbde7ef61d50d5004591064811dbd02eaef95515",
    "/favicon.ico": "84161b857f5c547e3699ddfbffc6d8d737542e01",
    "/assets/images/facebook.png": "b3f408718daca6fc14e88af084fa05c549bf29ed",
    "/glyphicons-halflings-regular.448c34a56d699c29117a.woff2": "ca35b697d99cae4d1b60f2d60fcd37771987eb07",
    "/assets/images/faviconwc1.png": "de014d8f3b4bd3a0419bd34b7772a60cd0a1c336",
    "/glyphicons-halflings-regular.89889688147bd7575d63.svg": "de51a8494180a6db074af2dee2383f0a363c5b08",
    "/assets/images/Female.svg": "3af7c7aa1c4891700f64f7bca3ac23892bf5e79e",
    "/HighRisk.8cc04d8bc826bddcde82.svg": "5fdef7b49690f5392568d40f47cdb44a0696a07c",
    "/assets/images/FemaleICON.png": "5881af04779fb09b3e935e2bcb4cfa9263492f61",
    "/HighRisk_Select.82ce54111c85514e4cbf.svg": "a5957a9021726d740f467b1aff9e180b82e89c64",
    "/assets/images/Female_ICON.png": "9dd46cdfe711601f5d5beeab9f143c1e78d89402",
    "/index.html": "0078a7357b4dbc861b47c88f4617ec154ebc515a",
    "/assets/images/Female_N.svg": "35eb88b2e78d33f8ec4671793bec6f1088c2b22e",
    "/LivingWith_Parents.fc47e43df05ccf75190a.svg": "9b3041fb67bf1f289b9eb348f8933dcd44d238ad",
    "/assets/images/Female_R.svg": "89387d15fcad6a9981f38750606c1cec9f2dc1e2",
    "/LivingWith_Parents_Red.9b15ba23e9944cb5b626.svg": "2445a6490f97c4747cbffb8f611f1c16509091a2",
    "/assets/images/four.png": "786f537ade8a3bb4f5410f8377fe49f084378735",
    "/main.89cd1257ae6ec1d83b6c.js": "6fc0a04fd5261fbe0a46568cc8d0057480df9d6f",
    "/assets/images/gplus.png": "91d4db0bce2fe4b548d395e9f19e8383b5dfe302",
    "/Married_Without_Children.4c4842fdddd86287de02.svg": "59f10d9e762d19aa27c66b2edcb1c4180fbaea94",
    "/assets/images/graph.jpg": "26746d830f3e076f6cce7575615a83b1e764abfb",
    "/Married_Without_Children_Red.bdb10c4387cae7598602.svg": "0d35b1c0665f981b56ff629f2cd65f7be4d06364",
    "/assets/images/green.png": "02ec2f61573e0a2ea40a0b85bdb645c121bb3609",
    "/MediumRisk.ee8df424625a561ad802.svg": "682c442765f78fb5b5be3b68902f1b42a2e19f0b",
    "/assets/images/grey.png": "4c7d343226419130743be47bd7a65f2ba7b952ef",
    "/MediumRisk_Select.96cea0f1c9f1d14ea60d.svg": "184e9538ed22c7f6b3eba7a8eedac37d41262ccc",
    "/assets/images/hat.jpg": "dd8fcc3a9b14e0af38ca0b1f96829355d797b78b",
    "/Nearing_Retirement.36fcb5e16773495631b9.svg": "396cbbe8db70d053b7bdb589fa285c0cca85ae11",
    "/assets/images/health-insurance-active.png": "6c19811582797ce67ca69d66b9e6baa90ca6c4ee",
    "/Nearing_Retirement_Red.94287a47c761ade733eb.svg": "6d46ee38f4f73dd61c05622b89612af167a62911",
    "/assets/images/health-insurance.png": "d0b7e751eee3dc55ce48cf8da12659f7e122b27c",
    "/No.1950de7fe7b986bd71eb.svg": "fb6a02aa6657e7267ef2aa7378de35502f8248d2",
    "/assets/images/Health_Hospi_ICON.svg": "c031eaa8b1651864ded7e9448617f5a43317d3d9",
    "/Not_Employed.e64eabd71c1e87b23551.svg": "ff13562a13d688dafde265810b756d123a756ac5",
    "/assets/images/Health_Hospi_ICON_cross.svg": "0c1685b31546cb19468ffe5bb182ec19f5930ceb",
    "/Not_Employed_Red.cb6ec078b548e2625f3f.svg": "6a5ab6c122e5e7e0bd0913365429bc9d69590bb0",
    "/assets/images/heart.jpg": "d8cd95a209c951f21da02fc06c399425badb2439",
    "/Other.6ae53849895bdf4b9be7.svg": "7a6af7a1b887a0f6b1ca4510d89da2093560e81d",
    "/assets/images/Home Page Option 1.png": "af222df3d0907c6215b9c16ccaabb1b90eaa166c",
    "/Other_Red.7e84177587e2f1f390ef.svg": "a791678f97ff951ada312b59bcdb1a8ad79b6b59",
    "/assets/images/home.png": "50a8af51149771d8e1edf32460e7a9232e627018",
    "/Own_House.633e3ebcdc8d308bddff.svg": "bd5ab3bf5b58ef0dc51b62e832430c285fc87dc3",
    "/assets/images/HomeICON.png": "3af2b14eaef88cb55a07f20495679f0154600c03",
    "/Own_House_Red.057a0a50378a04e1b9f3.svg": "b731cf68c953c9bf9bdfa13f2a2f6bee47286198",
    "/assets/images/homeinsurance.jpg": "a91ba8d8a1cf38b240e1b8129c138696fe084298",
    "/Parent_With_Grown_Up.77f8f16a453aa7ea4984.svg": "a971d3cf89e6996e7303cb61c55be7b1124dece7",
    "/assets/images/homepagebanner.png": "608ed8ddbefc6a48ae529303df146018beca90a4",
    "/Parent_With_Grown_Up_Red.bc31f2314c0822bd6790.svg": "b0a7ec5c712fbf2cbacc277ee07510740a18fd25",
    "/assets/images/home_active.png": "fbeaad464e611d7b4d48d99bdefdcf8dd558df31",
    "/Parent_With_Young_Child.5bfd2ac302e05e8bb195.svg": "fd3c5e9fad58a526ed0c086940f9538331e5e030",
    "/assets/images/Home_ICON.png": "4b563abbaf3444279dfff365408d8dae2c8ba0ae",
    "/Parent_With_Young_Child_Red.d46251d15e8e4992ffc3.svg": "5676ad91350b7c3f3f2cfaaeac1c61676c7237bc",
    "/assets/images/Home_Insurance_ICON.svg": "0b2ab7c3d8448a3f8c5ae1c34feddd4ce6a74e75",
    "/Partnership.3e26ce3d2defbaa4ea16.svg": "c586e88e73e3d13f0c46530d3c8fa71422f04488",
    "/assets/images/Home_Insurance_ICON_og.svg": "b7d0a9e150520905b69edf9ac41e7c2b09519695",
    "/Partnership_red.0451631141608084101a.svg": "5c7f78cfac6163231ab358bd874471f9237d744c",
    "/assets/images/i109.png": "28d633dbe2c8c7f7ac0e5eb8c5759aeeb512d32f",
    "/polyfills.9b57c072f0d784986f4e.js": "03b5ea4a3e6f924af4b1dccfaca9547dd1ee3ccc",
    "/assets/images/ICONGreen.png": "24518f3a8ae0fad44a93e3f551d16f4adb3673da",
    "/Private_Public.3b26418ef01bd2a3474c.svg": "bb088dc70354503927ec8848bbaf03cffe8f65e6",
    "/assets/images/ICONGrey.png": "40e10d842ece3c43115461b560fdc9e4f697cc31",
    "/Private_Public_Red.8c8471d8766317714ede.svg": "5e1dc2cbf8c37250b71e691bdb6a19ebdcf68cab",
    "/assets/images/ICONYellow.png": "a6bbee1094ed3a383d131aa6603f91e3adf3fa38",
    "/Prospect.878b6d2aa897bdbae6a5.svg": "639d067e8d5aff895363086d37eb259ab6ac1c8a",
    "/assets/images/ICONYellow.svg": "d519355a32bdedaf003e8de0601b90f1ddaca44c",
    "/Prospect_R.3fecb4c77805ca123b1a.svg": "0f2d2d9f20a26fd8f8e50dab2ce9eae53c461bf0",
    "/assets/images/important.svg": "6f197f014502633b24697dc3d58aed963edb8915",
    "/qFdE35qfgYFjGy5hkEaCdg.999df002400ce679e4c9.woff2": "0e20ab5148e8adade74377fcbf22b7768f4069d9",
    "/assets/images/important_new.png": "be8aae5feb39357f99105a6344f47ccf286b85f3",
    "/qFdE35qfgYFjGy5hkEiCdubL.5816c62a54e5ef67a5d6.woff2": "75138d98ce34fed0af95898ffe9e4e9fae2c3c3e",
    "/assets/images/info.png": "daac943d14062a9179a0202db214951a79b0e613",
    "/Rented.3f411b75d8af068f3db7.svg": "7c335ef950f86fae27f30ea8c06bcd50945fe604",
    "/assets/images/infoicon.png": "6a6cd41860bea76655da3e13260bfe6103938e8c",
    "/Rented_Red.5057cf3d38cf177868af.svg": "7eb07ad42d4a72ec3a38f2121e283780090b0cee",
    "/assets/images/ins-plus.png": "d081f77a9710653b912470491268adf771214dec",
    "/Renter_Lease.cf6026cfa0d3659596c9.svg": "17c228c5b164873bc9c839727d9e30fd5fe4c883",
    "/assets/images/life.png": "bfc5084addeb30b1cf5ceae7a96ab5a4869ba10f",
    "/Retired.5801320bff92365e782a.svg": "4058dcecca4edbf10d86a30993e914fd020a1b52",
    "/assets/images/life_active.png": "9fc41f4558e9ebab6dc2338b0df994cd6e13b982",
    "/Retired_R.0f9716d42ebb3cb14797.svg": "658894065913b060ff29f60a3a01044c718313d6",
    "/assets/images/line.svg": "99193a8a8f7c76da7d4fec14c1627b55cb7d1bb2",
    "/runtime.1227f9d7ed955a09e508.js": "5beb5b35aef0afd3757448d300342c66aff3d501",
    "/assets/images/line02.svg": "10cccea176075366d822bdbd1843879ea380cecf",
    "/S6u9w4BMUTPHh50XSwiPGQ.f2de2c6ec69b0c11f1bc.woff2": "35380c04729ff2041e192756bea3052e7de2c5d0",
    "/assets/images/loading.gif": "a5d8c531c6f4d0933dfc7e20be6e1bf430921656",
    "/S6u9w4BMUTPHh6UVSwiPGQ.7fbbfd1610770d594aef.woff2": "e8e478141c6bea23ed8f1b52b7062eebbafb29f0",
    "/assets/images/Loading_icon.gif": "458412ef0894476c376deb206e089b27160f46ba",
    "/S6u9w4BMUTPHh7USSwiPGQ.bbbd26aeee9c5b967e35.woff2": "89db19e0cfff2c894b3b4b991b20a099a148f03a",
    "/assets/images/lock.png": "acf32d1bf67f109dec1e2b7b6b37f06220febaff",
    "/S6uyw4BMUTPHjx4wXg.f1a4a058fbba1e35a406.woff2": "e5e25503a9a6976e3ac4b1893a767c8a7a72eba0",
    "/assets/images/logo_selectassure.png": "049f0ae9e70994a53d19719460977270250e12e8",
    "/Salaried.8c1de22df196658991e2.svg": "d1d0da60eea4e44ca503217945aa99dd139c9b5b",
    "/assets/images/mail.png": "2aff881e13c2534df85df5d2e1820a07795f7f56",
    "/Salaried_Red.d02f2a62b4e6aae766a3.svg": "7c1d450bcb5eb7ca4ac27a5608586015160bf9eb",
    "/assets/images/Male.svg": "5fe3d742f8fd8bfb742e5b595960ee32a87fc42c",
    "/scripts.e2cc764d74d6cb8d1c42.js": "1c540c66a81cf71984324dce29eb224bb1b9d01a",
    "/assets/images/MaleICON.png": "433eb35aacbd1850d75157e265c45e9b22a56f43",
    "/Self_Employed.9f0de64a312a05ecff71.svg": "920bb8c6f11369a0d4ba6ff4b69d97c9ad879cc1",
    "/assets/images/Male_ICON.png": "b1454b84554b1dfdedde8031930603b596596e07",
    "/Self_Employed_Red.3a6b8fea2d944a59df0a.svg": "6586dd9c7e82c3999ca2013443ec588ec78bb958",
    "/assets/images/Male_N.svg": "77cab5f5736c71b0a0a700b02464fa9480d74e81",
    "/Single_Working.2904fd2098db20b26ee6.svg": "31ca64216da301efff12669608f37f40f133ee62",
    "/assets/images/Male_R.svg": "53467ae3ea708a8fe724c7ccbd9f173b49358a54",
    "/Single_Working_Red.6bb06cc9d66bdf44635f.svg": "c0ee18583137d45bad325ce4dde9e5e47f92b311",
    "/assets/images/ManageUser.png": "ccc8ba615976f9f17ba59b30f70e47291801e909",
    "/Sole_Proprietorship.6cfdc23d50218d59e9ad.svg": "9bb0d4b2fc14a8b9606c487e074ae7020e09c1d7",
    "/assets/images/mark.png": "a155fb3c6b5b75d14029bdfe9b8bae448298da67",
    "/Sole_Proprietorship_Red.84b644ca5f1acb567ba4.svg": "d3b72918b3378274712902564dae409ed419f590",
    "/assets/images/Married_Without_Children.svg": "6492d75fb16604ce919479bd5dea96d66bd965c2",
    "/styles.1e838639f674c0c1db6b.css": "02bc9a611df59849520b77a15616023abe5d8e43",
    "/assets/images/menu-btn.png": "70e308ebf08eed10397f69bd3b6de36dbbe91350",
    "/Valuables.c3d2d364bc73f9a63d50.svg": "c6485ffb40d5d5558354e3ab69e9d10610d13fed",
    "/assets/images/menu2b.png": "3ce6fb5b2f84b82509e2ee4b1f5e8ccb34c5d4f3",
    "/WithPlan.195cfbadabfa8751ddc3.svg": "3bbf0ff587a13df9bc2693adfff98d479ea5e09a",
    "/assets/images/menu_ic_01.png": "6c77bdbfc9aa739cb1461de01ec57cd5c7b5a590",
    "/WithPlan_R.58e80c8b40b526713545.svg": "669acd12b4fff783a60e415324a39bbb2da24f62",
    "/assets/images/menu_ic_02.png": "2ab502858aecb4d708b19b7d581719b58f8cb9e4",
    "/assets/images/menu_ic_03.png": "8930c8031413f50489a95ae675506883ee8af9f0",
    "/assets/images/musthave.svg": "1c89ce5dcd2bdc92ec19e7ee3de5b614d68caed6",
    "/assets/images/My Customers Icon.png": "96494192267882945b9ba437501340e7db767291",
    "/assets/images/MyCustomerICON.png": "5504554ef37398186e4f782f06f9ed2a87958025",
    "/assets/images/myCustomer_ic.png": "78aa20414128a820d6d59384d45ded4b43956eef",
    "/assets/images/My_activities.png": "6543e6d4388228fff5c6b882153b95894f3b6c76",
    "/assets/images/My_activities1.png": "c24e21ea802eccc10c0037c88c78d7ec43c8d3a7",
    "/assets/images/Nearing_Retirement.svg": "4309c0198374180576658107f169fb4d875bc88b",
    "/assets/images/next.png": "622587bc36c933d01c36e4c55f3386b1e2d60e20",
    "/assets/images/No.svg": "fb6a02aa6657e7267ef2aa7378de35502f8248d2",
    "/assets/images/notneeded.svg": "1112d4124e7d0d0919035675936b40aa1c1b649e",
    "/assets/images/Not_Employed.svg": "91a34ff7e11bb587ec50cdb1b7955dbd85d276dd",
    "/assets/images/ompicon10.jpg": "e6100d4348a1577699578f2412a84be07cce6579",
    "/assets/images/one.png": "459c21e7162d83d11dd63184c3ae50eecde20381",
    "/assets/images/OneMinutePlan ICON.png": "9443535ee40b9156138b2d1935c78b68315d644f",
    "/assets/images/oneMinuteplan.png": "65052b0aec21cf323bec7d82924dc2615d1d5dbc",
    "/assets/images/OneMinutePlanICON.svg": "54141ad475010808e8eee02b2b4ad49c9f064a49",
    "/assets/images/option-btn-active.png": "8d28721f3c5606acc09055e70099ebf5f6b69518",
    "/assets/images/option-btn.png": "88d66c54678c99c8e513441feedbb737fa42672f",
    "/assets/images/Other.svg": "88c068fcf5b8dba0f1023e73967b3b4c6b8afc0c",
    "/assets/images/Parent_With_Grown_Up.svg": "3211a9ea7bf6d8d519ab2f6cdd38f782f058adae",
    "/assets/images/Parent_With_Young_Child.svg": "34581932b63ac6258862638e208e063f9f556eb6",
    "/assets/images/Partnership.svg": "d4c0fee579352b8ddb2aa962b13d9d1d86e26764",
    "/assets/images/phone.png": "668132c975237264801fdd9bf902419828ed0572",
    "/assets/images/pig.jpg": "ac41350443357bd3ca1cd5298ec1cec9673aa5ad",
    "/assets/images/plus.jpg": "2a025b39c876826b6e4f16799e6cc5ff239491f5",
    "/assets/images/PNBhomepagebanner.png": "ef078c38be9fb778abaf1eae493a677584aedce0",
    "/assets/images/PNBSelectAssure2.png": "0a51eaacdbfb5a4f50ca8968bb83c14cafaa0025",
    "/assets/images/PNB_SelectAssure2.png": "f05bc35df6e851ef1565d1a6346547eaef7def69",
    "/assets/images/previous.png": "8e0f1264cb24792b3e706e03f225cd2f293ebc3a",
    "/assets/images/Private_Public.svg": "c359a6ebde2f43428a89c99e606a45e4adedeb16",
    "/assets/images/Prospect.svg": "639d067e8d5aff895363086d37eb259ab6ac1c8a",
    "/assets/images/Prospect_R.svg": "0f2d2d9f20a26fd8f8e50dab2ce9eae53c461bf0",
    "/assets/images/Protection_ICON.svg": "0b9dcbd3163222f434e76b62dc9069a30c372b61",
    "/assets/images/Protection_ICON_cross.svg": "b043dab10d802d764f6a6367812eb08b2405bc8f",
    "/assets/images/red-cross.png": "bb357d7f2f1a2877dae2f015036cb4afda187ab1",
    "/assets/images/Regular_Income_ICON.svg": "08c3e5ee9011bc40a215ac19ae30d7850472ad06",
    "/assets/images/Regular_Income_ICON_cross.svg": "92c749c2d0b1df9452679c5cdd158a6e5ac63b72",
    "/assets/images/renewal.png": "8411af28c9f3601577789191b7c8812434637a05",
    "/assets/images/Salaried.svg": "3df8d624dce8863dbdbd21df7fb4249d9fd0bee7",
    "/assets/images/SaveICON.png": "a0ec94ea5ca898f5ae6a0e31a21638c0ef28dcdd",
    "/assets/images/Savings Traditional_ICON.svg": "df04c8bb66baacc336233b55e2772e6f8053658d",
    "/assets/images/Savings Traditional_ICON_cross.svg": "68e920e5e7ce3c9f40542748454556c5b33f83ba",
    "/assets/images/savings.png": "b4d8f533b655cd6d48f6e3e9fe95055bb375bc2f",
    "/assets/images/savings_active.png": "2c5ea02d0e3a6a6883b1948ce55fbec61db2d318",
    "/assets/images/Saving_Unit_Linked_ICON.svg": "cefd64ca480c2085c39dec4c182eb066866de87c",
    "/assets/images/Saving_Unit_Linked_ICON_og.svg": "4e4d262bc4406138e4069db11db77c62ed08eaa1",
    "/assets/images/search.png": "6a1e09e74bba5743c90ea6acd12be215c0a0835e",
    "/assets/images/search_menu.png": "407b7940b3797a97f7ff115b05114253ac6d3ab2",
    "/assets/images/SelectAssure.png": "2dfdcf29638440334d8d90ef3fa9788efdc8ff96",
    "/assets/images/SelectAssure2 copy.png": "fcdd5622cf578dacafdabf33e46473461e2716be",
    "/assets/images/SelectAssure2.png": "8c1184b8aa861c595886b161f33b9f469ec9734b",
    "/assets/images/SelectAssure21.png": "3f99e7594427bb781ae172211c15a61275d8eca9",
    "/assets/images/SelectAssure_New.png": "51e84939bf07ace1f67d09d06fae4d0697b8f5d4",
    "/assets/images/SelectAssure_New_pnb.png": "7163c6e0218d517d316667219e39aec70ab221be",
    "/assets/images/selectAssure_svg/25Years.svg": "7975ff02aac0bf2929bbd49ba2ef984305a379ee",
    "/assets/images/selectAssure_svg/25Years_Red.svg": "5fa8b946e561944d1daa3f26aa61030839b619ad",
    "/assets/images/selectAssure_svg/26_35.svg": "60d18d8923fc1946316309b2794c4931be7d35c6",
    "/assets/images/selectAssure_svg/26_35_Red.svg": "9d0881d2156162674db1a842de2037775e460795",
    "/assets/images/selectAssure_svg/36_45.svg": "91dbc51cac9e1a7ce938446d3f2cc25b9403f0da",
    "/assets/images/selectAssure_svg/36_45_Red.svg": "0b893d9f359edf629db29904a2d3dcb41e25ad32",
    "/assets/images/selectAssure_svg/46_55.svg": "ec1678a288e7bd168b35c5496b3790449272dc8a",
    "/assets/images/selectAssure_svg/46_55_Red.svg": "c3aef8d1eb50e5ce82823a2c4b252630a6ca3549",
    "/assets/images/selectAssure_svg/56Years.svg": "d32716d2b06d25ace298030b4d4f20c1d4fb6559",
    "/assets/images/selectAssure_svg/56Years_Red.svg": "f89624e9648001feaa2662f4f674a851a79f8700",
    "/assets/images/selectAssure_svg/Bike.svg": "37f36bdd716032ba1c32256ce9e7d8dba7054074",
    "/assets/images/selectAssure_svg/Bike_red.svg": "e54b527823580286d807777affa2c6cccda0980f",
    "/assets/images/selectAssure_svg/Car.svg": "261154b75694e972fc4e835175c95a1674a512c0",
    "/assets/images/selectAssure_svg/Car_red.svg": "161c37bc991914b943de63776bcebaa369d92d9d",
    "/assets/images/selectAssure_svg/Declined.svg": "17d998ded5f6b7fa6671d78afd9c6e5fb32f74a7",
    "/assets/images/selectAssure_svg/GoExistingPlan.svg": "56e12f7dea92d2f36b9294bf77025457188ace54",
    "/assets/images/selectAssure_svg/goto.png": "28978dfcbf9159f46268d9e32d0170c0d5df066e",
    "/assets/images/selectAssure_svg/HighRisk.svg": "5fdef7b49690f5392568d40f47cdb44a0696a07c",
    "/assets/images/selectAssure_svg/HighRisk_Select.svg": "a5957a9021726d740f467b1aff9e180b82e89c64",
    "/assets/images/selectAssure_svg/LivingWith_Parents.svg": "9b3041fb67bf1f289b9eb348f8933dcd44d238ad",
    "/assets/images/selectAssure_svg/LivingWith_Parents_Red.svg": "2445a6490f97c4747cbffb8f611f1c16509091a2",
    "/assets/images/selectAssure_svg/LowRisk.svg": "1c3fdb2966ac934ea8b08922d4714c56441d32db",
    "/assets/images/selectAssure_svg/LowRisk_Select.svg": "f3484d2a4affbf26753497b04ee00194844b6e4e",
    "/assets/images/selectAssure_svg/Married_Without_Children.svg": "59f10d9e762d19aa27c66b2edcb1c4180fbaea94",
    "/assets/images/selectAssure_svg/Married_Without_Children_Red.svg": "0d35b1c0665f981b56ff629f2cd65f7be4d06364",
    "/assets/images/selectAssure_svg/MediumRisk.svg": "682c442765f78fb5b5be3b68902f1b42a2e19f0b",
    "/assets/images/selectAssure_svg/MediumRisk_Select.svg": "184e9538ed22c7f6b3eba7a8eedac37d41262ccc",
    "/assets/images/selectAssure_svg/Nearing_Retirement.svg": "396cbbe8db70d053b7bdb589fa285c0cca85ae11",
    "/assets/images/selectAssure_svg/Nearing_Retirement_Red.svg": "6d46ee38f4f73dd61c05622b89612af167a62911",
    "/assets/images/selectAssure_svg/Next.svg": "24293037b1ec86bd5a6f58393c8d2d4022437415",
    "/assets/images/selectAssure_svg/Not_Employed.svg": "ff13562a13d688dafde265810b756d123a756ac5",
    "/assets/images/selectAssure_svg/Not_Employed_Red.svg": "6a5ab6c122e5e7e0bd0913365429bc9d69590bb0",
    "/assets/images/selectAssure_svg/Other.svg": "7a6af7a1b887a0f6b1ca4510d89da2093560e81d",
    "/assets/images/selectAssure_svg/Other_Red.svg": "a791678f97ff951ada312b59bcdb1a8ad79b6b59",
    "/assets/images/selectAssure_svg/Own_House.svg": "bd5ab3bf5b58ef0dc51b62e832430c285fc87dc3",
    "/assets/images/selectAssure_svg/Own_House_Red.svg": "b731cf68c953c9bf9bdfa13f2a2f6bee47286198",
    "/assets/images/selectAssure_svg/Parent_With_Grown_Up.svg": "a971d3cf89e6996e7303cb61c55be7b1124dece7",
    "/assets/images/selectAssure_svg/Parent_With_Grown_Up_Red.svg": "b0a7ec5c712fbf2cbacc277ee07510740a18fd25",
    "/assets/images/selectAssure_svg/Parent_With_Young_Child.svg": "fd3c5e9fad58a526ed0c086940f9538331e5e030",
    "/assets/images/selectAssure_svg/Parent_With_Young_Child_Red.svg": "5676ad91350b7c3f3f2cfaaeac1c61676c7237bc",
    "/assets/images/selectAssure_svg/Partnership.svg": "c586e88e73e3d13f0c46530d3c8fa71422f04488",
    "/assets/images/selectAssure_svg/Partnership_red.svg": "5c7f78cfac6163231ab358bd874471f9237d744c",
    "/assets/images/selectAssure_svg/Previous.svg": "6e4cafeb445ab3eea7091c83cda585f720701443",
    "/assets/images/selectAssure_svg/Private_Public.svg": "bb088dc70354503927ec8848bbaf03cffe8f65e6",
    "/assets/images/selectAssure_svg/Private_Public_Red.svg": "5e1dc2cbf8c37250b71e691bdb6a19ebdcf68cab",
    "/assets/images/selectAssure_svg/Rented.svg": "7c335ef950f86fae27f30ea8c06bcd50945fe604",
    "/assets/images/selectAssure_svg/Rented_Red.svg": "7eb07ad42d4a72ec3a38f2121e283780090b0cee",
    "/assets/images/selectAssure_svg/Renter_Lease.svg": "17c228c5b164873bc9c839727d9e30fd5fe4c883",
    "/assets/images/selectAssure_svg/Renter_Lease_Red.svg": "53b6f5ae83ec54023d67ca52b02cfa1fb9632e23",
    "/assets/images/selectAssure_svg/Retired.svg": "4058dcecca4edbf10d86a30993e914fd020a1b52",
    "/assets/images/selectAssure_svg/Retired_R.svg": "658894065913b060ff29f60a3a01044c718313d6",
    "/assets/images/selectAssure_svg/Retired_red.svg": "4e94524b55614f7254a02a5ce2ff81fe1f5111d0",
    "/assets/images/selectAssure_svg/Salaried.svg": "d1d0da60eea4e44ca503217945aa99dd139c9b5b",
    "/assets/images/selectAssure_svg/Salaried_Red.svg": "7c1d450bcb5eb7ca4ac27a5608586015160bf9eb",
    "/assets/images/selectAssure_svg/Self_Employed.svg": "920bb8c6f11369a0d4ba6ff4b69d97c9ad879cc1",
    "/assets/images/selectAssure_svg/Self_Employed_Red.svg": "6586dd9c7e82c3999ca2013443ec588ec78bb958",
    "/assets/images/selectAssure_svg/Single_Working.svg": "31ca64216da301efff12669608f37f40f133ee62",
    "/assets/images/selectAssure_svg/Single_Working_Red.svg": "c0ee18583137d45bad325ce4dde9e5e47f92b311",
    "/assets/images/selectAssure_svg/Sole_Proprietorship.svg": "9bb0d4b2fc14a8b9606c487e074ae7020e09c1d7",
    "/assets/images/selectAssure_svg/Sole_Proprietorship_Red.svg": "d3b72918b3378274712902564dae409ed419f590",
    "/assets/images/selectAssure_svg/start.png": "5a0fdab711137d786e673f023300d19a2bdb6b6b",
    "/assets/images/selectAssure_svg/Start.svg": "8ec1addffb00d60c6f92c3e26dd60256c4355e37",
    "/assets/images/selectAssure_svg/Valuables.svg": "c6485ffb40d5d5558354e3ab69e9d10610d13fed",
    "/assets/images/selectAssure_svg/Valuables_Red.svg": "542f9326e67c1c3e6082aaa63ac4c5b2ac6282ff",
    "/assets/images/Self_Employed.svg": "4a17d2a42ee9e41776bcad5ac2be2f6ee0eb4aee",
    "/assets/images/SignIn.png": "d55cc888c08b793007a9ebea1ed12018dfc4d118",
    "/assets/images/SignInICON.png": "3c5602a9fa2b1ee450c4b92885ef67d97bfb8f17",
    "/assets/images/SignOut.png": "50386a0fbb09972ce290dc3b93bee0cb5103a8b4",
    "/assets/images/SignOutICON.png": "ee86ba8a71b716713d1189e72c3c88ff15e160bf",
    "/assets/images/SignOutICON_black.png": "05a90f3e96f114befe2c3f05d9cbe91efd3d06a3",
    "/assets/images/Sign_in_ICON.png": "d55cc888c08b793007a9ebea1ed12018dfc4d118",
    "/assets/images/Sign_Out_ICON.png": "6a0e8901ae0e8c76c11b6f3f1db8b5db42580068",
    "/assets/images/Singapore-Skyline.jpg": "77a2c533b4661df6030af8b456dd4da754a655e3",
    "/assets/images/Singapore.jpg": "4fd28f50b0a0967b9689b99424d2376b23c0fbe0",
    "/assets/images/singin.png": "dd56a77caa71c182bcba028c99b0a2474e4655df",
    "/assets/images/Single_Working.svg": "5de202ac8de87aea21c43936df4198b8b78287b2",
    "/assets/images/skip.png": "fd5c933f1b0591584b069859aa5d65745b2a4ecc",
    "/assets/images/skip11.png": "36df1a398531b22fa7ad07b6c7e13b449eac3437",
    "/assets/images/SOI-minus.png": "5fa7778ef64a6c29096e34a1039aaaa48b6122e0",
    "/assets/images/SOI-plus.png": "894fd7b83bd4d6f72e100411e8858360a800c8ed",
    "/assets/images/Sole_Proprietorship.svg": "2faa46c1458d67819dbb30f6266f77b51b5a6766",
    "/assets/images/three.png": "7d5d738e2b73f9325810113ee74be5be96e3d12e",
    "/assets/images/Tick Mark ICON.png": "0de9e72b111086b3829f5c6cb8101e2e8996e17b",
    "/assets/images/tickMark.png": "fc8594b61278227ef661bf3f5377f1fc44ec1808",
    "/assets/images/TickMarkICON.svg": "6b98e32646a6373d855a0046acbb6eb260dba1d8",
    "/assets/images/TickMark_NotSelected.svg": "bc35b319f0857082b42ec15dd9d1109e1c2c8d88",
    "/assets/images/TickMark_Selected.svg": "48eb6cb58608941978cf6450dc776c0caab7584d",
    "/assets/images/TickMark_Selected_01.svg": "b4a45ad6e79a8fe2239b2651e5dccf426bfd1a2a",
    "/assets/images/TickMark_Selected_left.svg": "3b959890930f699be4a6be9ae92e9ad18f917d2d",
    "/assets/images/TickMark_Selected_right.svg": "fd29e0274554d9ae31489d34dfacf659eace9d01",
    "/assets/images/travel-insurance-active.png": "f3bb0c506025b5e2b104c938ad95dc283a3c4ce3",
    "/assets/images/travel-insurance.png": "d0b43a1c7ffda1095719f45ec40ec6f5e7883ab4",
    "/assets/images/travel-insurance.svg": "c2b804f51fa3b3d165def1184c8e4b4b02075a5e",
    "/assets/images/twitter.png": "a9a1501f2c1dbff6e812b4bd3ea135812ec79a35",
    "/assets/images/two.png": "9cece95975b6e85a9e3a93bd917ce9594314d31c",
    "/assets/images/umbrella.jpg": "09ac81f7dfe5ec6b9efa56966196e0b866628f68",
    "/assets/images/View All ICON.png": "385afeb325412ced1e2fff888e4081efd58eb5cd",
    "/assets/images/ViewAll.svg": "b49a7799f204503650a401e1ecd1c3009da71a2f",
    "/assets/images/ViewAllICON.svg": "a0786ea7228a95965aa05b78275402c9d86b4dc9",
    "/assets/images/ViewAll_R.svg": "86eafcf42fa7bd01e6a8a9a13c59e38dbbb018d2",
    "/assets/images/viewmore.png": "a6dc7779e037038b0f83fc7564fedf00c10bcbff",
    "/assets/images/WithPlan.sketch": "ab4fbdee7071758cf32a75fcb82d0fc116983482",
    "/assets/images/WithPlan.svg": "3bbf0ff587a13df9bc2693adfff98d479ea5e09a",
    "/assets/images/WithPlan_R.svg": "669acd12b4fff783a60e415324a39bbb2da24f62",
    "/assets/images/xAddNewCustomer.png": "3ec0de055071b499a223df719e81dd804f67ce46",
    "/assets/images/xsearch.png": "52f65955c6aceeb69fa77880e7d2c849a55e967d",
    "/assets/images/yellow.png": "9dee7d0125bce9c9a3afc8e0ce1a91920f73c6f8",
    "/assets/images/Yes.svg": "8501a09924f541b99a46efdbd026661006e77406",
    "/assets/js/qFdE35qfgYFjGy5hkEaCdg.woff2": "0e20ab5148e8adade74377fcbf22b7768f4069d9",
    "/assets/js/qFdE35qfgYFjGy5hkEiCdubL.woff2": "75138d98ce34fed0af95898ffe9e4e9fae2c3c3e",
    "/assets/js/qFdE35qfgYFjGy5hkEmCdubL.woff2": "a8b27083bf2733a4dd09c1f79ab8e3cd49c41dee",
    "/assets/js/S6u9w4BMUTPHh50XSwaPGR_p.woff2": "0db1d556cd6e85ce6b475f6a7a270f828313059a",
    "/assets/js/S6u9w4BMUTPHh50XSwiPGQ.woff2": "35380c04729ff2041e192756bea3052e7de2c5d0",
    "/assets/js/S6u9w4BMUTPHh6UVSwaPGR_p.woff2": "3af8a93c34dbc4bb30a1ef6f5eb5c250b7c655aa",
    "/assets/js/S6u9w4BMUTPHh6UVSwiPGQ.woff2": "e8e478141c6bea23ed8f1b52b7062eebbafb29f0",
    "/assets/js/S6u9w4BMUTPHh7USSwaPGR_p.woff2": "e74ce2a08c9b6584e38875a0fc36fe378953af85",
    "/assets/js/S6u9w4BMUTPHh7USSwiPGQ.woff2": "89db19e0cfff2c894b3b4b991b20a099a148f03a",
    "/assets/js/S6uyw4BMUTPHjx4wXg.woff2": "e5e25503a9a6976e3ac4b1893a767c8a7a72eba0",
    "/assets/js/S6uyw4BMUTPHjxAwXjeu.woff2": "6c8c9f1160497b05bdad7cfaf28deeef3dbb2414",
    "/assets/resource/102.json": "76b8cc0c4c7928cd1622544234ec9cc3df58de7c",
    "/assets/resource/109.json": "8890e0f02749a0560f2fc93c0fed8fdd840fb1fe",
    "/assets/resource/109_latest.json": "26460e3d4202d88c50dbd318f6ae8fbba890af9d",
    "/assets/resource/110.json": "facc2c8e64e6d5bfe8f0b514a13a70206b0a681e",
    "/assets/resource/110designation.json": "99c406640274367d76d5ed844a3a9eb1a7a1fbc5",
    "/assets/resource/110KYCMaster.json": "31212ff6c12a0705c8b6222ee51661bde473d099",
    "/assets/resource/110now.json": "062c531cff2bb6cbbedcd2ed2770e1411558e8a7",
    "/assets/resource/122.json": "bc823760b679ce5ec263307c971547e73120fc43",
    "/assets/resource/chooseCovers.json": "064933b8b01fadba72fb17a919e4afe3788c2ca7",
    "/assets/resource/country_codes.json": "a0aa27c745c0133bf4e903d6f4e8ed4ea44e441d",
    "/assets/resource/covers.json": "4f3dfc1e7bd10ffe1705e2d10d836cd43bb42870",
    "/assets/resource/cusomerList.json": "a3a6c2f83dc26e83b1acd07120a78659a98c66ce",
    "/assets/resource/full_country_data.json": "ea6f2da3e9652f74989b5685a97710ca9a1154e4",
    "/assets/resource/myActivitiesSamp.json": "987c66720f199d335235594a6191ea35a528372c",
    "/assets/resource/oneminuteplan.json": "ec9b058069da8124d7d213e00390d0722d89daf6",
    "/assets/resource/policyDetails.json": "3a5126f63b86351c3e0c76cd5fc5587db2940500",
    "/assets/resource/productList.json": "a7a0852e6282b90b7a05eb488b7f42e87266ee18",
    "/assets/resource/regularIncome.json": "e0e67ff2bcd6ff08e7e0ced64bb2ecdb42d1c604"
  }
}